                :-) GROMACS - gmx mdrun, 2026.3-conda_forge (-:

Copyright 1991-2026 The GROMACS Authors.
GROMACS is free software; you can redistribute it and/or modify it
under the terms of the GNU Lesser General Public License
as published by the Free Software Foundation; either version 2.1
of the License, or (at your option) any later version.

                         Current GROMACS contributors:
       Mark Abraham           Andrey Alekseenko           Brian Andrews       
        Paul Bauer              Cathrine Bergh              Hugh Bird         
      Eliane Briand               Ania Brown                Yiqi Chen         
      Mahesh Doijade            Giacomo Fiorin          Stefan Fleischmann    
      Sergey Gorelov         Gilles Gouaillardet            Alan Gray         
   Farzaneh Jalalypour         Petter Johansson          Carsten Kutzner      
    Grzegorz Łazarski         Justin A. Lemkul          Magnus Lundborg      
        Julio Maia               Pascal Merz             Vedran Miletić      
      Dmitry Morozov           Lukas Müllender           Szilárd Páll      
 Andrea Pasquadibisceglie     Michele Pellegrino         Nicola Piasentin     
     Daniele Rapetti         Muhammad Umair Sadiq         Hubert Santuz       
      Michael Shirts           Tatiana Shugaeva          Alexey Shvetsov      
     Bálint Soproni            Philip Turner            Alessandra Villa     
        Yang Zhang        

                         Previous GROMACS contributors:
        Emile Apol             Rossen Apostolov           James Barnett       
      Vladimir Basov        Herman J.C. Berendsen          Par Bjelkmar       
      Christian Blau          Viacheslav Bolnykh            Kevin Boyd        
    Aldert van Buuren          Carlo Camilloni           Rudi van Drunen      
      Anton Feenstra           Oliver Fleetwood            Vytas Gapsys       
       Gaurav Garg             Gerrit Groenhof            Bert de Groot       
      Anca Hamuraru           Vincent Hindriksen          Victor Holanda      
     M. Eric Irrgang           Aleksei Iupinov              Joe Jordan        
    Christoph Junghans        Prashanth Kanduri        Dimitrios Karkoulis    
       Peter Kasson             Sebastian Kehl           Sebastian Keller     
        Jiri Kraus               Per Larsson              Viveca Lindahl      
      Erik Marklund           Pieter Meulenhoff           Teemu Murtola       
       Julien Nabet              Sander Pronk             Roland Schulz       
      Alfons Sijbers         David van der Spoel          Peter Tieleman      
      Carsten Uphoff             Jon Vincent             Teemu Virolainen     
    Christian Wennberg     Sebastian Wingbermühle         Maarten Wolf       
      Artem Zhmurov       

                  Coordinated by the GROMACS project leaders:
                           Berk Hess and Erik Lindahl

GROMACS:      gmx mdrun, version 2026.3-conda_forge
Executable:   /mnt/c/Users/Me/Desktop/CANIFARMA/software/envs/gmx/bin.AVX2_256/gmx
Data prefix:  /mnt/c/Users/Me/Desktop/CANIFARMA/software/envs/gmx
Working dir:  /mnt/c/Users/Me/Desktop/CANIFARMA/md
Process ID:   9208
Command line:
  gmx mdrun -v -deffnm em

GROMACS version:     2026.3-conda_forge
Precision:           mixed
Memory model:        64 bit
MPI library:         thread_mpi
MPI version:         built in
OpenMP support:      enabled (GMX_OPENMP_MAX_THREADS = 128)
GPU support:         OpenCL
NBNxM GPU setup:     super-cluster 2x2x2 / cluster 8 (cluster-pair splitting on)
SIMD instructions:   AVX2_256
CPU FFT library:     fftw-3.3.11-sse2-avx
GPU FFT library:     clFFT
Multi-GPU FFT:       none
RDTSCP:              disabled
TNG support:         enabled
Hwloc support:       disabled
Tracing support:     disabled
Colvars support:     enabled (version 2025-10-13)
CP2K support:        disabled
Torch support:       disabled
Plumed support:      enabled
C compiler:          /home/conda/feedstock_root/build_artifacts/gromacs_1785262702042/_build_env/bin/x86_64-conda-linux-gnu-cc GNU 14.3.0
C compiler flags:    -fexcess-precision=fast -funroll-all-loops -mavx2 -mfma -Wno-missing-field-initializers -O3 -DNDEBUG
C++ compiler:        /home/conda/feedstock_root/build_artifacts/gromacs_1785262702042/_build_env/bin/x86_64-conda-linux-gnu-c++ GNU 14.3.0
C++ compiler flags:  -fexcess-precision=fast -funroll-all-loops -mavx2 -mfma -Wno-missing-field-initializers -Wno-stringop-truncation -Wno-cast-function-type-strict SHELL:-fopenmp -O3 -DNDEBUG
BLAS library:        Internal
LAPACK library:      Internal
OpenCL include dir:  /mnt/c/Users/Me/Desktop/CANIFARMA/software/envs/gmx/include
OpenCL library:      /mnt/c/Users/Me/Desktop/CANIFARMA/software/envs/gmx/lib/libOpenCL.so
OpenCL version:      3.0


Running on 1 node with total 8 cores, 16 processing units (GPU detection failed: No valid OpenCL driver found)
Hardware detected on host TerminalXolotl:
  CPU info:
    Vendor: Intel
    Brand:  13th Gen Intel(R) Core(TM) i5-13450HX
    Family: 6   Model: 183   Stepping: 1
    Features: aes apic avx avx2 clfsh cmov cx8 cx16 f16c fma htt intel lahf mmx msr nonstop_tsc pcid pclmuldq pdpe1gb popcnt pse rdrnd rdtscp sha sse2 sse3 sse4.1 sse4.2 ssse3 tdt x2apic
  Hardware topology: Basic
    Packages, cores, and logical processors:
    [indices refer to OS logical processors]
      Package  0: [   0   1] [   2   3] [   4   5] [   6   7] [   8   9] [  10  11] [  12  13] [  14  15]
    CPU limit set by OS: -1   Recommended max number of threads: 16

The current CPU can measure timings more accurately than the code in
gmx mdrun was configured to use. This might affect your simulation
speed as accurate timings are needed for load-balancing.
Please consider rebuilding gmx mdrun with the GMX_USE_RDTSCP=ON CMake option.

++++ PLEASE READ AND CITE THE FOLLOWING REFERENCE ++++
M. J. Abraham, T. Murtola, R. Schulz, S. Páll, J. C. Smith, B. Hess, E.
Lindahl
GROMACS: High performance molecular simulations through multi-level
parallelism from laptops to supercomputers
SoftwareX (2015)
https://doi.org/10.1016/j.softx.2015.06.001
-------- -------- --- Thank You --- -------- --------


++++ PLEASE READ AND CITE THE FOLLOWING REFERENCE ++++
S. Páll, M. J. Abraham, C. Kutzner, B. Hess, E. Lindahl
Tackling Exascale Software Challenges in Molecular Dynamics Simulations with
GROMACS
In S. Markidis & E. Laure (Eds.), Solving Software Challenges for Exascale (2015)
https://doi.org/10.1007/978-3-319-15976-8_1
-------- -------- --- Thank You --- -------- --------


++++ PLEASE READ AND CITE THE FOLLOWING REFERENCE ++++
S. Pronk, S. Páll, R. Schulz, P. Larsson, P. Bjelkmar, R. Apostolov, M. R.
Shirts, J. C. Smith, P. M. Kasson, D. van der Spoel, B. Hess, E. Lindahl
GROMACS 4.5: a high-throughput and highly parallel open source molecular
simulation toolkit
Bioinformatics (2013)
https://doi.org/10.1093/bioinformatics/btt055
-------- -------- --- Thank You --- -------- --------


++++ PLEASE READ AND CITE THE FOLLOWING REFERENCE ++++
B. Hess, C. Kutzner, D. van der Spoel, E. Lindahl
GROMACS 4: Algorithms for highly efficient, load-balanced, and scalable
molecular simulation
J. Chem. Theory Comput. (2008)
https://doi.org/10.1021/ct700301q
-------- -------- --- Thank You --- -------- --------


++++ PLEASE READ AND CITE THE FOLLOWING REFERENCE ++++
D. van der Spoel, E. Lindahl, B. Hess, G. Groenhof, A. E. Mark, H. J. C.
Berendsen
GROMACS: Fast, Flexible and Free
J. Comp. Chem. (2005)
https://doi.org/10.1002/jcc.20291
-------- -------- --- Thank You --- -------- --------


++++ PLEASE READ AND CITE THE FOLLOWING REFERENCE ++++
E. Lindahl, B. Hess, D. van der Spoel
GROMACS 3.0: A package for molecular simulation and trajectory analysis
J. Mol. Mod. (2001)
https://doi.org/10.1007/s008940100045
-------- -------- --- Thank You --- -------- --------


++++ PLEASE READ AND CITE THE FOLLOWING REFERENCE ++++
H. J. C. Berendsen, D. van der Spoel and R. van Drunen
GROMACS: A message-passing parallel molecular dynamics implementation
Comp. Phys. Comm. (1995)
https://doi.org/10.1016/0010-4655(95)00042-E
-------- -------- --- Thank You --- -------- --------

Input Parameters:
   integrator                     = steep
   tinit                          = 0
   dt                             = 0.001
   nsteps                         = 50000
   init-step                      = 0
   simulation-part                = 1
   mts                            = false
   mass-repartition-factor        = 1
   comm-mode                      = Linear
   nstcomm                        = 100
   bd-fric                        = 0
   ld-seed                        = -1835029
   emtol                          = 1000
   emstep                         = 0.01
   niter                          = 20
   fcstep                         = 0
   nstcgsteep                     = 1000
   nbfgscorr                      = 10
   rtpi                           = 0.05
   nstxout                        = 0
   nstvout                        = 0
   nstfout                        = 0
   nstlog                         = 1000
   nstcalcenergy                  = 100
   nstenergy                      = 1000
   nstxout-compressed             = 0
   compressed-x-precision         = 1000
   cutoff-scheme                  = Verlet
   nstlist                        = 10
   pbc                            = xyz
   periodic-molecules             = false
   verlet-buffer-tolerance        = 0.005
   verlet-buffer-pressure-tolerance = 0.5
   rlist                          = 1.05
   coulombtype                    = PME
   coulomb-modifier               = Potential-shift
   rcoulomb-switch                = 0
   rcoulomb                       = 1
   epsilon-r                      = 1
   epsilon-rf                     = inf
   vdw-type                       = Cut-off
   vdw-modifier                   = Potential-shift
   rvdw-switch                    = 0
   rvdw                           = 1
   DispCorr                       = No
   table-extension                = 1
   fourierspacing                 = 0.12
   fourier-nx                     = 72
   fourier-ny                     = 72
   fourier-nz                     = 72
   pme-order                      = 4
   ewald-rtol                     = 1e-05
   ewald-rtol-lj                  = 0.001
   lj-pme-comb-rule               = Geometric
   ewald-geometry                 = 3d
   epsilon-surface                = 0
   ensemble-temperature-setting   = not available
   tcoupl                         = No
   nsttcouple                     = -1
   nh-chain-length                = 0
   print-nose-hoover-chain-variables = false
   pcoupl                         = No
   refcoord-scaling               = No
   posres-com: not available
   posres-comB: not available
   QMMM                           = false
qm-opts:
   ngQM                           = 0
   constraint-algorithm           = Lincs
   continuation                   = false
   Shake-SOR                      = false
   shake-tol                      = 0.0001
   lincs-order                    = 4
   lincs-iter                     = 1
   lincs-warnangle                = 30
   nwall                          = 0
   wall-type                      = 9-3
   wall-r-linpot                  = -1
   wall-atomtype[0]               = -1
   wall-atomtype[1]               = -1
   wall-density[0]                = 0
   wall-density[1]                = 0
   wall-ewald-zfac                = 3
   pull                           = false
   awh                            = false
   rotation                       = false
   interactiveMD                  = false
   disre                          = No
   disre-weighting                = Conservative
   disre-mixed                    = false
   dr-fc                          = 1000
   dr-tau                         = 0
   nstdisreout                    = 100
   orire-fc                       = 0
   orire-tau                      = 0
   nstorireout                    = 100
   free-energy                    = no
   cos-acceleration               = 0
   deform (3x3):
      deform[    0]={ 0.00000e+00,  0.00000e+00,  0.00000e+00}
      deform[    1]={ 0.00000e+00,  0.00000e+00,  0.00000e+00}
      deform[    2]={ 0.00000e+00,  0.00000e+00,  0.00000e+00}
   simulated-tempering            = false
   swapcoords                     = no
   userint1                       = 0
   userint2                       = 0
   userint3                       = 0
   userint4                       = 0
   userreal1                      = 0
   userreal2                      = 0
   userreal3                      = 0
   userreal4                      = 0
   applied-forces:
     electric-field:
       x:
         E0                       = 0
         omega                    = 0
         t0                       = 0
         sigma                    = 0
       y:
         E0                       = 0
         omega                    = 0
         t0                       = 0
         sigma                    = 0
       z:
         E0                       = 0
         omega                    = 0
         t0                       = 0
         sigma                    = 0
     density-guided-simulation:
       active                     = false
       group                      = protein
       similarity-measure         = inner-product
       atom-spreading-weight      = unity
       force-constant             = 1e+09
       gaussian-transform-spreading-width = 0.2
       gaussian-transform-spreading-range-in-multiples-of-width = 4
       reference-density-filename = reference.mrc
       nst                        = 1
       normalize-densities        = true
       adaptive-force-scaling     = false
       adaptive-force-scaling-time-constant = 4
       shift-vector               = 
       transformation-matrix      = 
     qmmm-cp2k:
       active                     = false
       qmgroup                    = System
       qmmethod                   = PBE
       qmfilenames                = 
       qmcharge                   = 0
       qmmultiplicity             = 1
     colvars:
       active                     = false
       configfile                 = 
       seed                       = -1
     nnpot:
       active                     = false
       modelfile                  = model.pt
       input-group                = System
       link-type                  = H
       link-distance              = 0.1
       pair-cutoff                = 0
       embedding                  = mechanical
       nnp-charge                 = 0
       model-input1               = 
       model-input2               = 
       model-input3               = 
       model-input4               = 
       model-input5               = 
       model-input6               = 
       model-input7               = 
       model-input8               = 
       model-input9               = 
   fast-multipole-method:
     fmm:
       backend                    = inactive
       exafmm-order               = 6
       exafmm-direct-range        = 2
       exafmm-direct-provider     = GROMACS
       exafmm-tree-type           = uniform
       exafmm-tree-depth          = 0
       exafmm-max-particles-per-cell = 0
       fmsolvr-order              = 8
       fmsolvr-direct-range       = 1
       fmsolvr-direct-provider    = FMM
       fmsolvr-dipole-compensation = true
       fmsolvr-tree-depth         = 3
       fmsolvr-sparse             = false
grpopts:
   nrdf:       86022
   ref-t:           0
   tau-t:           0
annealing:          No
annealing-npoints:           0
   acc:	           0           0           0
   nfreeze:           N           N           N
   energygrp-flags[  0]: 0


Initializing Domain Decomposition on 1 ranks
NOTE: disabling dynamic load balancing as it is only supported with dynamics, not with integrator 'steep'.
Dynamic load balancing: off
Using update groups, nr 16272, average size 2.5 atoms, max. radius 0.078 nm
Minimum cell size due to atom displacement: 0.050 nm
Initial maximum distances in bonded interactions:
    two-body bonded interactions: 1.123 nm, LJ-14, atoms 1347 1358
  multi-body bonded interactions: 1.123 nm, Proper Dih., atoms 1347 1358
Minimum cell size due to bonded interactions: 1.206 nm
Using 0 separate PME ranks because: there are too few total ranks for efficient splitting
Optimizing the DD grid for 1 cells with a minimum initial size of 1.206 nm
The maximum allowed number of cells is: X 5 Y 5 Z 4
Domain decomposition grid 1 x 1 x 1, separate PME ranks 0
PME domain decomposition: 1 x 1 x 1

The initial number of communication pulses is:
The initial domain decomposition cell size is:

The maximum allowed distance for atom groups involved in interactions is:
                 non-bonded interactions           1.206 nm
            two-body bonded interactions  (-rdd)   1.206 nm
          multi-body bonded interactions  (-rdd)   1.206 nm

Local state does not use filler particles

Using 1 MPI thread
Using 16 OpenMP threads 

System total charge: 0.000
Will do PME sum in reciprocal space for electrostatic interactions.

++++ PLEASE READ AND CITE THE FOLLOWING REFERENCE ++++
U. Essmann, L. Perera, M. L. Berkowitz, T. Darden, H. Lee, L. G. Pedersen 
A smooth particle mesh Ewald method
J. Chem. Phys. (1995)
https://doi.org/10.1063/1.470117
-------- -------- --- Thank You --- -------- --------

Using a Gaussian width (1/beta) of 0.320163 nm for Ewald
Potential shift: LJ r^-12: -1.000e+00 r^-6: -1.000e+00, Ewald -1.000e-05
Initialized non-bonded Coulomb Ewald tables, spacing: 9.33e-04 size: 1073

Generated table with 1025 data points for 1-4 COUL.
Tabscale = 500 points/nm
Generated table with 1025 data points for 1-4 LJ6.
Tabscale = 500 points/nm
Generated table with 1025 data points for 1-4 LJ12.
Tabscale = 500 points/nm


Using SIMD4xM 4x8 nonbonded short-range kernels

Using a 4x8 pair-list setup:
  updated every 10 steps, buffer 0.050 nm, rlist 1.050 nm

Using Lorentz-Berthelot Lennard-Jones combination rule
Removing pbc first time

Linking all bonded interactions to atoms


Pinning threads with an auto-selected logical cpu stride of 1

++++ PLEASE READ AND CITE THE FOLLOWING REFERENCE ++++
S. Miyamoto, P. A. Kollman
SETTLE: An Analytical Version of the SHAKE and RATTLE Algorithms for Rigid
Water Models
J. Comp. Chem. (1992)
https://doi.org/10.1002/jcc.540130805
-------- -------- --- Thank You --- -------- --------


Note that activating steepest-descent energy minimization via the integrator .mdp option and the command gmx mdrun may be available in a different form in a future version of GROMACS, e.g. gmx minimize and an .mdp option.
Initiating Steepest Descents

Atom distribution over 1 domains: av 41078 stddev 0 min 41078 max 41078
Started Steepest Descents on rank 0 Tue Aug  4 22:48:46 2026


Steepest Descents:
   Tolerance (Fmax)   =  1.00000e+03
   Number of steps    =        50000
           Step           Time
              0        0.00000

   Energies (kJ/mol)
           Bond          Angle    Proper Dih. Per. Imp. Dih.          LJ-14
    4.90829e+05    1.09730e+04    1.05402e+04    1.31016e+03    4.02505e+03
     Coulomb-14        LJ (SR)   Coulomb (SR)   Coul. recip.      Potential
    4.11087e+04    3.77831e+05   -6.47973e+05    3.89086e+04    3.27552e+05
 Pressure (bar)
    4.29674e+04

           Step           Time
              1        1.00000

   Energies (kJ/mol)
           Bond          Angle    Proper Dih. Per. Imp. Dih.          LJ-14
    4.69733e+05    1.07153e+04    1.05389e+04    1.30632e+03    4.02186e+03
     Coulomb-14        LJ (SR)   Coulomb (SR)   Coul. recip.      Potential
    4.11061e+04    3.30442e+05   -6.48506e+05    3.88575e+04    2.58215e+05
 Pressure (bar)
    3.49690e+04

           Step           Time
              2        2.00000

   Energies (kJ/mol)
           Bond          Angle    Proper Dih. Per. Imp. Dih.          LJ-14
    4.39624e+05    1.04527e+04    1.05389e+04    1.30150e+03    4.01825e+03
     Coulomb-14        LJ (SR)   Coulomb (SR)   Coul. recip.      Potential
    4.11010e+04    2.93350e+05   -6.49126e+05    3.87874e+04    1.90048e+05
 Pressure (bar)
    2.90596e+04

           Step           Time
              3        3.00000

   Energies (kJ/mol)
           Bond          Angle    Proper Dih. Per. Imp. Dih.          LJ-14
    4.05227e+05    1.03031e+04    1.05400e+04    1.29591e+03    4.01580e+03
     Coulomb-14        LJ (SR)   Coulomb (SR)   Coul. recip.      Potential
    4.10943e+04    2.66478e+05   -6.49706e+05    3.87055e+04    1.27953e+05
 Pressure (bar)
    2.51329e+04

           Step           Time
              4        4.00000

   Energies (kJ/mol)
           Bond          Angle    Proper Dih. Per. Imp. Dih.          LJ-14
    3.66466e+05    1.03352e+04    1.05420e+04    1.28843e+03    4.01543e+03
     Coulomb-14        LJ (SR)   Coulomb (SR)   Coul. recip.      Potential
    4.10859e+04    2.44914e+05   -6.50294e+05    3.86067e+04    6.69605e+04
 Pressure (bar)
    2.22829e+04

           Step           Time
              5        5.00000

   Energies (kJ/mol)
           Bond          Angle    Proper Dih. Per. Imp. Dih.          LJ-14
    3.23684e+05    1.06290e+04    1.05447e+04    1.27734e+03    4.01823e+03
     Coulomb-14        LJ (SR)   Coulomb (SR)   Coul. recip.      Potential
    4.10755e+04    2.26903e+05   -6.50926e+05    3.84845e+04    5.68977e+03
 Pressure (bar)
    2.01598e+04

           Step           Time
              6        6.00000

   Energies (kJ/mol)
           Bond          Angle    Proper Dih. Per. Imp. Dih.          LJ-14
    2.78079e+05    1.12732e+04    1.05481e+04    1.25958e+03    4.02621e+03
     Coulomb-14        LJ (SR)   Coulomb (SR)   Coul. recip.      Potential
    4.10636e+04    2.10775e+05   -6.51641e+05    3.83281e+04   -5.62888e+04
 Pressure (bar)
    1.84194e+04

           Step           Time
              7        7.00000

   Energies (kJ/mol)
           Bond          Angle    Proper Dih. Per. Imp. Dih.          LJ-14
    2.30824e+05    1.24443e+04    1.05550e+04    1.22887e+03    4.04429e+03
     Coulomb-14        LJ (SR)   Coulomb (SR)   Coul. recip.      Potential
    4.10491e+04    1.94694e+05   -6.52534e+05    3.81184e+04   -1.19576e+05
 Pressure (bar)
    1.67055e+04

           Step           Time
              8        8.00000

   Energies (kJ/mol)
           Bond          Angle    Proper Dih. Per. Imp. Dih.          LJ-14
    1.81004e+05    1.44881e+04    1.05726e+04    1.16686e+03    4.08545e+03
     Coulomb-14        LJ (SR)   Coulomb (SR)   Coul. recip.      Potential
    4.10269e+04    1.81121e+05   -6.53606e+05    3.78128e+04   -1.82328e+05
 Pressure (bar)
    1.53814e+04

           Step           Time
              9        9.00000

   Energies (kJ/mol)
           Bond          Angle    Proper Dih. Per. Imp. Dih.          LJ-14
    1.37814e+05    1.74896e+04    1.05898e+04    1.04167e+03    4.17820e+03
     Coulomb-14        LJ (SR)   Coulomb (SR)   Coul. recip.      Potential
    4.10006e+04    1.73084e+05   -6.55173e+05    3.73078e+04   -2.32667e+05
 Pressure (bar)
    1.46681e+04

           Step           Time
             10       10.00000

   Energies (kJ/mol)
           Bond          Angle    Proper Dih. Per. Imp. Dih.          LJ-14
    1.38237e+05    1.76740e+04    1.05954e+04    1.00876e+03    4.20015e+03
     Coulomb-14        LJ (SR)   Coulomb (SR)   Coul. recip.      Potential
    4.10085e+04    1.71218e+05   -6.55321e+05    3.72166e+04   -2.34163e+05
 Pressure (bar)
    1.46839e+04

           Step           Time
             11       11.00000

   Energies (kJ/mol)
           Bond          Angle    Proper Dih. Per. Imp. Dih.          LJ-14
    1.39609e+05    1.77221e+04    1.06145e+04    9.93204e+02    4.17278e+03
     Coulomb-14        LJ (SR)   Coulomb (SR)   Coul. recip.      Potential
    4.10116e+04    1.58278e+05   -6.55620e+05    3.71128e+04   -2.46107e+05
 Pressure (bar)
    1.20499e+04

           Step           Time
             12       12.00000

   Energies (kJ/mol)
           Bond          Angle    Proper Dih. Per. Imp. Dih.          LJ-14
    1.00218e+05    2.10148e+04    1.06816e+04    8.40724e+02    4.62798e+03
     Coulomb-14        LJ (SR)   Coulomb (SR)   Coul. recip.      Potential
    4.09431e+04    1.56391e+05   -6.57342e+05    3.63904e+04   -2.86235e+05
 Pressure (bar)
    1.22876e+04


step 13: One or more water molecules can not be settled.
Check for bad contacts and/or reduce the timestep if appropriate.
Wrote pdb files with previous and current coordinates
           Step           Time
             13       13.00000

           Step           Time
             14       14.00000

   Energies (kJ/mol)
           Bond          Angle    Proper Dih. Per. Imp. Dih.          LJ-14
    1.02326e+05    2.08629e+04    1.06946e+04    8.17887e+02    4.46073e+03
     Coulomb-14        LJ (SR)   Coulomb (SR)   Coul. recip.      Potential
    4.09528e+04    1.44613e+05   -6.57686e+05    3.62297e+04   -2.96728e+05
 Pressure (bar)
    1.02362e+04

           Step           Time
             15       15.00000

   Energies (kJ/mol)
           Bond          Angle    Proper Dih. Per. Imp. Dih.          LJ-14
    8.18424e+04    2.26925e+04    1.07480e+04    7.37922e+02    4.70035e+03
     Coulomb-14        LJ (SR)   Coulomb (SR)   Coul. recip.      Potential
    4.08825e+04    1.38226e+05   -6.59251e+05    3.54519e+04   -3.23970e+05
 Pressure (bar)
    9.34135e+03


step 16: One or more water molecules can not be settled.
Check for bad contacts and/or reduce the timestep if appropriate.
Wrote pdb files with previous and current coordinates
           Step           Time
             16       16.00000

           Step           Time
             17       17.00000

   Energies (kJ/mol)
           Bond          Angle    Proper Dih. Per. Imp. Dih.          LJ-14
    7.79564e+04    2.28873e+04    1.07679e+04    7.06139e+02    4.47143e+03
     Coulomb-14        LJ (SR)   Coulomb (SR)   Coul. recip.      Potential
    4.08711e+04    1.33973e+05   -6.59906e+05    3.51323e+04   -3.33140e+05
 Pressure (bar)
    8.57339e+03

           Step           Time
             18       18.00000

   Energies (kJ/mol)
           Bond          Angle    Proper Dih. Per. Imp. Dih.          LJ-14
    6.35780e+04    2.39834e+04    1.08111e+04    6.51637e+02    4.33633e+03
     Coulomb-14        LJ (SR)   Coulomb (SR)   Coul. recip.      Potential
    4.08043e+04    1.27485e+05   -6.61866e+05    3.41212e+04   -3.56095e+05
 Pressure (bar)
    7.40970e+03

           Step           Time
             19       19.00000

   Energies (kJ/mol)
           Bond          Angle    Proper Dih. Per. Imp. Dih.          LJ-14
    5.64577e+04    2.40906e+04    1.08527e+04    5.76443e+02    4.48319e+03
     Coulomb-14        LJ (SR)   Coulomb (SR)   Coul. recip.      Potential
    4.07582e+04    1.22045e+05   -6.63527e+05    3.32408e+04   -3.71022e+05
 Pressure (bar)
    6.43772e+03

           Step           Time
             20       20.00000

   Energies (kJ/mol)
           Bond          Angle    Proper Dih. Per. Imp. Dih.          LJ-14
    4.64549e+04    2.41626e+04    1.08728e+04    5.65724e+02    4.16397e+03
     Coulomb-14        LJ (SR)   Coulomb (SR)   Coul. recip.      Potential
    4.06674e+04    1.15981e+05   -6.66074e+05    3.18632e+04   -3.91343e+05
 Pressure (bar)
    5.16362e+03

           Step           Time
             21       21.00000

   Energies (kJ/mol)
           Bond          Angle    Proper Dih. Per. Imp. Dih.          LJ-14
    3.86510e+04    2.28998e+04    1.09524e+04    4.06903e+02    4.28169e+03
     Coulomb-14        LJ (SR)   Coulomb (SR)   Coul. recip.      Potential
    4.05147e+04    1.08062e+05   -6.70371e+05    2.94397e+04   -4.15163e+05
 Pressure (bar)
    3.48996e+03

           Step           Time
             22       22.00000

   Energies (kJ/mol)
           Bond          Angle    Proper Dih. Per. Imp. Dih.          LJ-14
    3.45074e+04    2.24790e+04    1.09305e+04    4.72623e+02    4.09330e+03
     Coulomb-14        LJ (SR)   Coulomb (SR)   Coul. recip.      Potential
    4.04375e+04    1.05582e+05   -6.72199e+05    2.84660e+04   -4.25230e+05
 Pressure (bar)
    2.90461e+03

           Step           Time
             23       23.00000

   Energies (kJ/mol)
           Bond          Angle    Proper Dih. Per. Imp. Dih.          LJ-14
    3.59346e+04    2.10687e+04    1.09654e+04    3.87422e+02    4.02511e+03
     Coulomb-14        LJ (SR)   Coulomb (SR)   Coul. recip.      Potential
    4.03526e+04    1.02492e+05   -6.74725e+05    2.70918e+04   -4.32408e+05
 Pressure (bar)
    2.20974e+03

           Step           Time
             24       24.00000

   Energies (kJ/mol)
           Bond          Angle    Proper Dih. Per. Imp. Dih.          LJ-14
    3.20840e+04    2.09579e+04    1.09433e+04    4.34157e+02    4.08794e+03
     Coulomb-14        LJ (SR)   Coulomb (SR)   Coul. recip.      Potential
    4.02753e+04    1.00810e+05   -6.76336e+05    2.62666e+04   -4.40477e+05
 Pressure (bar)
    1.81800e+03

           Step           Time
             25       25.00000

   Energies (kJ/mol)
           Bond          Angle    Proper Dih. Per. Imp. Dih.          LJ-14
    3.76909e+04    2.07544e+04    1.10089e+04    4.18445e+02    3.97821e+03
     Coulomb-14        LJ (SR)   Coulomb (SR)   Coul. recip.      Potential
    4.02137e+04    9.88126e+04   -6.78609e+05    2.50968e+04   -4.40635e+05
 Pressure (bar)
    1.18347e+03

           Step           Time
             26       26.00000

   Energies (kJ/mol)
           Bond          Angle    Proper Dih. Per. Imp. Dih.          LJ-14
    3.54127e+04    2.04657e+04    1.10076e+04    4.97938e+02    4.04702e+03
     Coulomb-14        LJ (SR)   Coulomb (SR)   Coul. recip.      Potential
    4.01266e+04    9.69284e+04   -6.80311e+05    2.42515e+04   -4.47573e+05
 Pressure (bar)
    8.15263e+02

           Step           Time
             27       27.00000

           Step           Time
             28       28.00000

   Energies (kJ/mol)
           Bond          Angle    Proper Dih. Per. Imp. Dih.          LJ-14
    2.43491e+04    1.92399e+04    1.09843e+04    4.47283e+02    3.95828e+03
     Coulomb-14        LJ (SR)   Coulomb (SR)   Coul. recip.      Potential
    4.01015e+04    9.61065e+04   -6.81316e+05    2.37654e+04   -4.62364e+05
 Pressure (bar)
    9.70941e+02

           Step           Time
             29       29.00000

           Step           Time
             30       30.00000

   Energies (kJ/mol)
           Bond          Angle    Proper Dih. Per. Imp. Dih.          LJ-14
    2.41511e+04    1.85685e+04    1.09939e+04    3.98941e+02    4.00721e+03
     Coulomb-14        LJ (SR)   Coulomb (SR)   Coul. recip.      Potential
    4.00316e+04    9.45879e+04   -6.82919e+05    2.29782e+04   -4.67202e+05
 Pressure (bar)
    6.84465e+02

           Step           Time
             31       31.00000

   Energies (kJ/mol)
           Bond          Angle    Proper Dih. Per. Imp. Dih.          LJ-14
    2.56536e+04    1.86094e+04    1.09688e+04    3.59763e+02    3.93294e+03
     Coulomb-14        LJ (SR)   Coulomb (SR)   Coul. recip.      Potential
    4.00000e+04    9.34274e+04   -6.84562e+05    2.22392e+04   -4.69371e+05
 Pressure (bar)
    2.88286e+02

           Step           Time
             32       32.00000

   Energies (kJ/mol)
           Bond          Angle    Proper Dih. Per. Imp. Dih.          LJ-14
    2.56241e+04    1.85318e+04    1.10090e+04    3.99099e+02    3.99732e+03
     Coulomb-14        LJ (SR)   Coulomb (SR)   Coul. recip.      Potential
    3.99473e+04    9.24508e+04   -6.85689e+05    2.17406e+04   -4.71989e+05
 Pressure (bar)
    1.19327e+02

           Step           Time
             33       33.00000

           Step           Time
             34       34.00000

   Energies (kJ/mol)
           Bond          Angle    Proper Dih. Per. Imp. Dih.          LJ-14
    1.96591e+04    1.73146e+04    1.09596e+04    3.69130e+02    3.94077e+03
     Coulomb-14        LJ (SR)   Coulomb (SR)   Coul. recip.      Potential
    3.99377e+04    9.19782e+04   -6.86404e+05    2.14218e+04   -4.80823e+05
 Pressure (bar)
    1.87386e+02

           Step           Time
             35       35.00000

   Energies (kJ/mol)
           Bond          Angle    Proper Dih. Per. Imp. Dih.          LJ-14
    2.50262e+04    1.75660e+04    1.09697e+04    4.74783e+02    4.00355e+03
     Coulomb-14        LJ (SR)   Coulomb (SR)   Coul. recip.      Potential
    3.98544e+04    8.98309e+04   -6.89634e+05    2.00794e+04   -4.81829e+05
 Pressure (bar)
   -5.64753e+02

           Step           Time
             36       36.00000

   Energies (kJ/mol)
           Bond          Angle    Proper Dih. Per. Imp. Dih.          LJ-14
    1.89579e+04    1.65873e+04    1.09466e+04    3.95756e+02    3.87855e+03
     Coulomb-14        LJ (SR)   Coulomb (SR)   Coul. recip.      Potential
    3.98486e+04    8.93252e+04   -6.90396e+05    1.97586e+04   -4.90698e+05
 Pressure (bar)
   -4.41909e+02

           Step           Time
             37       37.00000

           Step           Time
             38       38.00000

   Energies (kJ/mol)
           Bond          Angle    Proper Dih. Per. Imp. Dih.          LJ-14
    1.79726e+04    1.64786e+04    1.09360e+04    3.80872e+02    3.91643e+03
     Coulomb-14        LJ (SR)   Coulomb (SR)   Coul. recip.      Potential
    3.98215e+04    8.87072e+04   -6.91232e+05    1.94438e+04   -4.93575e+05
 Pressure (bar)
   -5.48877e+02

           Step           Time
             39       39.00000

   Energies (kJ/mol)
           Bond          Angle    Proper Dih. Per. Imp. Dih.          LJ-14
    1.98009e+04    1.65168e+04    1.09840e+04    3.72157e+02    3.87155e+03
     Coulomb-14        LJ (SR)   Coulomb (SR)   Coul. recip.      Potential
    3.98159e+04    8.81274e+04   -6.92361e+05    1.90218e+04   -4.93850e+05
 Pressure (bar)
   -7.45993e+02

           Step           Time
             40       40.00000

   Energies (kJ/mol)
           Bond          Angle    Proper Dih. Per. Imp. Dih.          LJ-14
    1.93625e+04    1.64706e+04    1.09481e+04    3.93388e+02    3.91423e+03
     Coulomb-14        LJ (SR)   Coulomb (SR)   Coul. recip.      Potential
    3.97860e+04    8.75458e+04   -6.93162e+05    1.87466e+04   -4.95995e+05
 Pressure (bar)
   -8.64141e+02

           Step           Time
             41       41.00000

           Step           Time
             42       42.00000

   Energies (kJ/mol)
           Bond          Angle    Proper Dih. Per. Imp. Dih.          LJ-14
    1.52113e+04    1.56746e+04    1.09292e+04    3.60944e+02    3.87229e+03
     Coulomb-14        LJ (SR)   Coulomb (SR)   Coul. recip.      Potential
    3.97901e+04    8.72922e+04   -6.93659e+05    1.85571e+04   -5.01971e+05
 Pressure (bar)
   -7.88882e+02

           Step           Time
             43       43.00000

           Step           Time
             44       44.00000

   Energies (kJ/mol)
           Bond          Angle    Proper Dih. Per. Imp. Dih.          LJ-14
    1.54717e+04    1.56479e+04    1.09152e+04    3.78759e+02    3.88580e+03
     Coulomb-14        LJ (SR)   Coulomb (SR)   Coul. recip.      Potential
    3.97664e+04    8.64733e+04   -6.95063e+05    1.80822e+04   -5.04442e+05
 Pressure (bar)
   -9.98258e+02

           Step           Time
             45       45.00000

   Energies (kJ/mol)
           Bond          Angle    Proper Dih. Per. Imp. Dih.          LJ-14
    1.45241e+04    1.53120e+04    1.09337e+04    3.50234e+02    3.85456e+03
     Coulomb-14        LJ (SR)   Coulomb (SR)   Coul. recip.      Potential
    3.97699e+04    8.61701e+04   -6.95665e+05    1.78706e+04   -5.06880e+05
 Pressure (bar)
   -1.04015e+03

           Step           Time
             46       46.00000

   Energies (kJ/mol)
           Bond          Angle    Proper Dih. Per. Imp. Dih.          LJ-14
    1.62762e+04    1.55887e+04    1.09014e+04    4.08206e+02    3.88023e+03
     Coulomb-14        LJ (SR)   Coulomb (SR)   Coul. recip.      Potential
    3.97450e+04    8.54872e+04   -6.96867e+05    1.74970e+04   -5.07083e+05
 Pressure (bar)
   -1.25924e+03

           Step           Time
             47       47.00000

   Energies (kJ/mol)
           Bond          Angle    Proper Dih. Per. Imp. Dih.          LJ-14
    1.48303e+04    1.51081e+04    1.09450e+04    3.42354e+02    3.83613e+03
     Coulomb-14        LJ (SR)   Coulomb (SR)   Coul. recip.      Potential
    3.97575e+04    8.52165e+04   -6.97453e+05    1.72905e+04   -5.10127e+05
 Pressure (bar)
   -1.28311e+03

           Step           Time
             48       48.00000

           Step           Time
             49       49.00000

   Energies (kJ/mol)
           Bond          Angle    Proper Dih. Per. Imp. Dih.          LJ-14
    1.34126e+04    1.49735e+04    1.09121e+04    3.63668e+02    3.85060e+03
     Coulomb-14        LJ (SR)   Coulomb (SR)   Coul. recip.      Potential
    3.97424e+04    8.49174e+04   -6.97966e+05    1.71435e+04   -5.12650e+05
 Pressure (bar)
   -1.30336e+03

           Step           Time
             50       50.00000

           Step           Time
             51       51.00000

   Energies (kJ/mol)
           Bond          Angle    Proper Dih. Per. Imp. Dih.          LJ-14
    1.29237e+04    1.47646e+04    1.09169e+04    3.54327e+02    3.83485e+03
     Coulomb-14        LJ (SR)   Coulomb (SR)   Coul. recip.      Potential
    3.97466e+04    8.46652e+04   -6.98473e+05    1.69767e+04   -5.14290e+05
 Pressure (bar)
   -1.34993e+03

           Step           Time
             52       52.00000

   Energies (kJ/mol)
           Bond          Angle    Proper Dih. Per. Imp. Dih.          LJ-14
    1.29818e+04    1.47366e+04    1.08974e+04    3.74918e+02    3.83956e+03
     Coulomb-14        LJ (SR)   Coulomb (SR)   Coul. recip.      Potential
    3.97353e+04    8.42369e+04   -6.99307e+05    1.67374e+04   -5.15767e+05
 Pressure (bar)
   -1.45699e+03

           Step           Time
             53       53.00000

   Energies (kJ/mol)
           Bond          Angle    Proper Dih. Per. Imp. Dih.          LJ-14
    1.25374e+04    1.45361e+04    1.09087e+04    3.56630e+02    3.82374e+03
     Coulomb-14        LJ (SR)   Coulomb (SR)   Coul. recip.      Potential
    3.97411e+04    8.39892e+04   -6.99807e+05    1.65748e+04   -5.17340e+05
 Pressure (bar)
   -1.50522e+03

           Step           Time
             54       54.00000

   Energies (kJ/mol)
           Bond          Angle    Proper Dih. Per. Imp. Dih.          LJ-14
    1.28689e+04    1.45505e+04    1.08887e+04    3.79491e+02    3.82908e+03
     Coulomb-14        LJ (SR)   Coulomb (SR)   Coul. recip.      Potential
    3.97303e+04    8.36220e+04   -7.00556e+05    1.63742e+04   -5.18313e+05
 Pressure (bar)
   -1.60311e+03

           Step           Time
             55       55.00000

   Energies (kJ/mol)
           Bond          Angle    Proper Dih. Per. Imp. Dih.          LJ-14
    1.24595e+04    1.43581e+04    1.09036e+04    3.55749e+02    3.81307e+03
     Coulomb-14        LJ (SR)   Coulomb (SR)   Coul. recip.      Potential
    3.97381e+04    8.33769e+04   -7.01050e+05    1.62139e+04   -5.19831e+05
 Pressure (bar)
   -1.65410e+03

           Step           Time
             56       56.00000

   Energies (kJ/mol)
           Bond          Angle    Proper Dih. Per. Imp. Dih.          LJ-14
    1.32886e+04    1.44358e+04    1.08808e+04    3.84016e+02    3.81951e+03
     Coulomb-14        LJ (SR)   Coulomb (SR)   Coul. recip.      Potential
    3.97268e+04    8.30583e+04   -7.01738e+05    1.60454e+04   -5.20099e+05
 Pressure (bar)
   -1.75292e+03

           Step           Time
             57       57.00000

   Energies (kJ/mol)
           Bond          Angle    Proper Dih. Per. Imp. Dih.          LJ-14
    1.29889e+04    1.42660e+04    1.08989e+04    3.54934e+02    3.80294e+03
     Coulomb-14        LJ (SR)   Coulomb (SR)   Coul. recip.      Potential
    3.97375e+04    8.28136e+04   -7.02224e+05    1.58852e+04   -5.21476e+05
 Pressure (bar)
   -1.81008e+03

           Step           Time
             58       58.00000

           Step           Time
             59       59.00000

   Energies (kJ/mol)
           Bond          Angle    Proper Dih. Per. Imp. Dih.          LJ-14
    1.10706e+04    1.40536e+04    1.08848e+04    3.64946e+02    3.80503e+03
     Coulomb-14        LJ (SR)   Coulomb (SR)   Coul. recip.      Potential
    3.97308e+04    8.26658e+04   -7.02543e+05    1.58072e+04   -5.24160e+05
 Pressure (bar)
   -1.78274e+03

           Step           Time
             60       60.00000

   Energies (kJ/mol)
           Bond          Angle    Proper Dih. Per. Imp. Dih.          LJ-14
    1.33449e+04    1.39996e+04    1.08761e+04    3.66120e+02    3.78976e+03
     Coulomb-14        LJ (SR)   Coulomb (SR)   Coul. recip.      Potential
    3.97352e+04    8.19521e+04   -7.04047e+05    1.53776e+04   -5.24605e+05
 Pressure (bar)
   -2.02514e+03

           Step           Time
             61       61.00000

   Energies (kJ/mol)
           Bond          Angle    Proper Dih. Per. Imp. Dih.          LJ-14
    1.08274e+04    1.37681e+04    1.08700e+04    3.68752e+02    3.78917e+03
     Coulomb-14        LJ (SR)   Coulomb (SR)   Coul. recip.      Potential
    3.97294e+04    8.18090e+04   -7.04410e+05    1.53039e+04   -5.27944e+05
 Pressure (bar)
   -1.99828e+03

           Step           Time
             62       62.00000

           Step           Time
             63       63.00000

   Energies (kJ/mol)
           Bond          Angle    Proper Dih. Per. Imp. Dih.          LJ-14
    1.06278e+04    1.36640e+04    1.08694e+04    3.65154e+02    3.78350e+03
     Coulomb-14        LJ (SR)   Coulomb (SR)   Coul. recip.      Potential
    3.97334e+04    8.15963e+04   -7.04837e+05    1.51765e+04   -5.29021e+05
 Pressure (bar)
   -2.03658e+03

           Step           Time
             64       64.00000

   Energies (kJ/mol)
           Bond          Angle    Proper Dih. Per. Imp. Dih.          LJ-14
    1.10100e+04    1.36405e+04    1.08631e+04    3.67815e+02    3.78077e+03
     Coulomb-14        LJ (SR)   Coulomb (SR)   Coul. recip.      Potential
    3.97300e+04    8.13629e+04   -7.05405e+05    1.50493e+04   -5.29601e+05
 Pressure (bar)
   -2.11269e+03

           Step           Time
             65       65.00000

   Energies (kJ/mol)
           Bond          Angle    Proper Dih. Per. Imp. Dih.          LJ-14
    1.09777e+04    1.35666e+04    1.08622e+04    3.63945e+02    3.77458e+03
     Coulomb-14        LJ (SR)   Coulomb (SR)   Coul. recip.      Potential
    3.97361e+04    8.11486e+04   -7.05836e+05    1.49206e+04   -5.30485e+05
 Pressure (bar)
   -2.16213e+03

           Step           Time
             66       66.00000

   Energies (kJ/mol)
           Bond          Angle    Proper Dih. Per. Imp. Dih.          LJ-14
    1.17580e+04    1.35892e+04    1.08556e+04    3.68191e+02    3.77282e+03
     Coulomb-14        LJ (SR)   Coulomb (SR)   Coul. recip.      Potential
    3.97314e+04    8.09470e+04   -7.06362e+05    1.48153e+04   -5.30524e+05
 Pressure (bar)
   -2.23863e+03

           Step           Time
             67       67.00000

   Energies (kJ/mol)
           Bond          Angle    Proper Dih. Per. Imp. Dih.          LJ-14
    1.22704e+04    1.35964e+04    1.08547e+04    3.63759e+02    3.76645e+03
     Coulomb-14        LJ (SR)   Coulomb (SR)   Coul. recip.      Potential
    3.97402e+04    8.07284e+04   -7.06792e+05    1.46839e+04   -5.30788e+05
 Pressure (bar)
   -2.30789e+03

           Step           Time
             68       68.00000

           Step           Time
             69       69.00000

   Energies (kJ/mol)
           Bond          Angle    Proper Dih. Per. Imp. Dih.          LJ-14
    9.37016e+03    1.32494e+04    1.08509e+04    3.65265e+02    3.76415e+03
     Coulomb-14        LJ (SR)   Coulomb (SR)   Coul. recip.      Potential
    3.97366e+04    8.06314e+04   -7.07037e+05    1.46311e+04   -5.34438e+05
 Pressure (bar)
   -2.24276e+03

           Step           Time
             70       70.00000

           Step           Time
             71       71.00000

   Energies (kJ/mol)
           Bond          Angle    Proper Dih. Per. Imp. Dih.          LJ-14
    9.93035e+03    1.31108e+04    1.08415e+04    3.63108e+02    3.75488e+03
     Coulomb-14        LJ (SR)   Coulomb (SR)   Coul. recip.      Potential
    3.97413e+04    8.01426e+04   -7.08130e+05    1.43446e+04   -5.35901e+05
 Pressure (bar)
   -2.37513e+03

           Step           Time
             72       72.00000

   Energies (kJ/mol)
           Bond          Angle    Proper Dih. Per. Imp. Dih.          LJ-14
    9.07991e+03    1.29969e+04    1.08384e+04    3.63704e+02    3.75116e+03
     Coulomb-14        LJ (SR)   Coulomb (SR)   Coul. recip.      Potential
    3.97404e+04    8.00328e+04   -7.08443e+05    1.42848e+04   -5.37355e+05
 Pressure (bar)
   -2.39633e+03

           Step           Time
             73       73.00000

           Step           Time
             74       74.00000

   Energies (kJ/mol)
           Bond          Angle    Proper Dih. Per. Imp. Dih.          LJ-14
    8.92508e+03    1.29301e+04    1.08353e+04    3.62214e+02    3.74772e+03
     Coulomb-14        LJ (SR)   Coulomb (SR)   Coul. recip.      Potential
    3.97437e+04    7.98695e+04   -7.08800e+05    1.41911e+04   -5.38196e+05
 Pressure (bar)
   -2.42852e+03

           Step           Time
             75       75.00000

   Energies (kJ/mol)
           Bond          Angle    Proper Dih. Per. Imp. Dih.          LJ-14
    8.96771e+03    1.28621e+04    1.08306e+04    3.62413e+02    3.74376e+03
     Coulomb-14        LJ (SR)   Coulomb (SR)   Coul. recip.      Potential
    3.97438e+04    7.96889e+04   -7.09264e+05    1.40908e+04   -5.38973e+05
 Pressure (bar)
   -2.47926e+03

           Step           Time
             76       76.00000

   Energies (kJ/mol)
           Bond          Angle    Proper Dih. Per. Imp. Dih.          LJ-14
    8.95578e+03    1.28120e+04    1.08269e+04    3.60635e+02    3.73987e+03
     Coulomb-14        LJ (SR)   Coulomb (SR)   Coul. recip.      Potential
    3.97484e+04    7.95142e+04   -7.09649e+05    1.39905e+04   -5.39700e+05
 Pressure (bar)
   -2.52179e+03

           Step           Time
             77       77.00000

   Energies (kJ/mol)
           Bond          Angle    Proper Dih. Per. Imp. Dih.          LJ-14
    9.03899e+03    1.27511e+04    1.08227e+04    3.61359e+02    3.73655e+03
     Coulomb-14        LJ (SR)   Coulomb (SR)   Coul. recip.      Potential
    3.97474e+04    7.93626e+04   -7.10061e+05    1.39074e+04   -5.40333e+05
 Pressure (bar)
   -2.56534e+03

           Step           Time
             78       78.00000

   Energies (kJ/mol)
           Bond          Angle    Proper Dih. Per. Imp. Dih.          LJ-14
    9.34812e+03    1.27393e+04    1.08186e+04    3.59233e+02    3.73255e+03
     Coulomb-14        LJ (SR)   Coulomb (SR)   Coul. recip.      Potential
    3.97535e+04    7.91822e+04   -7.10454e+05    1.38042e+04   -5.40716e+05
 Pressure (bar)
   -2.61956e+03

           Step           Time
             79       79.00000

   Energies (kJ/mol)
           Bond          Angle    Proper Dih. Per. Imp. Dih.          LJ-14
    9.48926e+03    1.26842e+04    1.08145e+04    3.60600e+02    3.72961e+03
     Coulomb-14        LJ (SR)   Coulomb (SR)   Coul. recip.      Potential
    3.97512e+04    7.90499e+04   -7.10846e+05    1.37327e+04   -5.41234e+05
 Pressure (bar)
   -2.66027e+03

           Step           Time
             80       80.00000

           Step           Time
             81       81.00000

   Energies (kJ/mol)
           Bond          Angle    Proper Dih. Per. Imp. Dih.          LJ-14
    8.07703e+03    1.25229e+04    1.08122e+04    3.58822e+02    3.72660e+03
     Coulomb-14        LJ (SR)   Coulomb (SR)   Coul. recip.      Potential
    3.97553e+04    7.89525e+04   -7.11036e+05    1.36752e+04   -5.43155e+05
 Pressure (bar)
   -2.64050e+03

           Step           Time
             82       82.00000

   Energies (kJ/mol)
           Bond          Angle    Proper Dih. Per. Imp. Dih.          LJ-14
    9.60043e+03    1.24381e+04    1.07979e+04    3.57982e+02    3.71617e+03
     Coulomb-14        LJ (SR)   Coulomb (SR)   Coul. recip.      Potential
    3.97593e+04    7.84461e+04   -7.12362e+05    1.33839e+04   -5.43862e+05
 Pressure (bar)
   -2.81771e+03

           Step           Time
             83       83.00000

   Energies (kJ/mol)
           Bond          Angle    Proper Dih. Per. Imp. Dih.          LJ-14
    7.97375e+03    1.22808e+04    1.07945e+04    3.55253e+02    3.71167e+03
     Coulomb-14        LJ (SR)   Coulomb (SR)   Coul. recip.      Potential
    3.97659e+04    7.83348e+04   -7.12589e+05    1.33202e+04   -5.46052e+05
 Pressure (bar)
   -2.80760e+03

           Step           Time
             84       84.00000

           Step           Time
             85       85.00000

   Energies (kJ/mol)
           Bond          Angle    Proper Dih. Per. Imp. Dih.          LJ-14
    7.80825e+03    1.22019e+04    1.07909e+04    3.55697e+02    3.70931e+03
     Coulomb-14        LJ (SR)   Coulomb (SR)   Coul. recip.      Potential
    3.97653e+04    7.82250e+04   -7.12899e+05    1.32584e+04   -5.46784e+05
 Pressure (bar)
   -2.82682e+03

           Step           Time
             86       86.00000

   Energies (kJ/mol)
           Bond          Angle    Proper Dih. Per. Imp. Dih.          LJ-14
    8.23462e+03    1.21989e+04    1.07855e+04    3.53306e+02    3.70505e+03
     Coulomb-14        LJ (SR)   Coulomb (SR)   Coul. recip.      Potential
    3.97716e+04    7.80525e+04   -7.13310e+05    1.31614e+04   -5.47047e+05
 Pressure (bar)
   -2.88707e+03

           Step           Time
             87       87.00000

   Energies (kJ/mol)
           Bond          Angle    Proper Dih. Per. Imp. Dih.          LJ-14
    7.95735e+03    1.21091e+04    1.07818e+04    3.54420e+02    3.70264e+03
     Coulomb-14        LJ (SR)   Coulomb (SR)   Coul. recip.      Potential
    3.97702e+04    7.79540e+04   -7.13618e+05    1.31050e+04   -5.47884e+05
 Pressure (bar)
   -2.90499e+03

           Step           Time
             88       88.00000

           Step           Time
             89       89.00000

   Energies (kJ/mol)
           Bond          Angle    Proper Dih. Per. Imp. Dih.          LJ-14
    7.30086e+03    1.20240e+04    1.07790e+04    3.52623e+02    3.69998e+03
     Coulomb-14        LJ (SR)   Coulomb (SR)   Coul. recip.      Potential
    3.97741e+04    7.78653e+04   -7.13811e+05    1.30547e+04   -5.48960e+05
 Pressure (bar)
   -2.90718e+03

           Step           Time
             90       90.00000

   Energies (kJ/mol)
           Bond          Angle    Proper Dih. Per. Imp. Dih.          LJ-14
    8.00802e+03    1.19667e+04    1.07696e+04    3.52505e+02    3.69425e+03
     Coulomb-14        LJ (SR)   Coulomb (SR)   Coul. recip.      Potential
    3.97768e+04    7.76128e+04   -7.14528e+05    1.29083e+04   -5.49439e+05
 Pressure (bar)
   -2.99755e+03

           Step           Time
             91       91.00000

   Energies (kJ/mol)
           Bond          Angle    Proper Dih. Per. Imp. Dih.          LJ-14
    7.32398e+03    1.18850e+04    1.07661e+04    3.49730e+02    3.69081e+03
     Coulomb-14        LJ (SR)   Coulomb (SR)   Coul. recip.      Potential
    3.97824e+04    7.75097e+04   -7.14753e+05    1.28510e+04   -5.50594e+05
 Pressure (bar)
   -3.00648e+03

           Step           Time
             92       92.00000

           Step           Time
             93       93.00000

   Energies (kJ/mol)
           Bond          Angle    Proper Dih. Per. Imp. Dih.          LJ-14
    7.02589e+03    1.18082e+04    1.07628e+04    3.50412e+02    3.68886e+03
     Coulomb-14        LJ (SR)   Coulomb (SR)   Coul. recip.      Potential
    3.97822e+04    7.74319e+04   -7.14989e+05    1.28049e+04   -5.51334e+05
 Pressure (bar)
   -3.01722e+03

           Step           Time
             94       94.00000

   Energies (kJ/mol)
           Bond          Angle    Proper Dih. Per. Imp. Dih.          LJ-14
    7.45778e+03    1.17839e+04    1.07555e+04    3.47362e+02    3.68389e+03
     Coulomb-14        LJ (SR)   Coulomb (SR)   Coul. recip.      Potential
    3.97890e+04    7.72386e+04   -7.15484e+05    1.26952e+04   -5.51733e+05
 Pressure (bar)
   -3.08300e+03

           Step           Time
             95       95.00000

   Energies (kJ/mol)
           Bond          Angle    Proper Dih. Per. Imp. Dih.          LJ-14
    7.00434e+03    1.16898e+04    1.07519e+04    3.48867e+02    3.68181e+03
     Coulomb-14        LJ (SR)   Coulomb (SR)   Coul. recip.      Potential
    3.97883e+04    7.71642e+04   -7.15732e+05    1.26498e+04   -5.52653e+05
 Pressure (bar)
   -3.09143e+03

           Step           Time
             96       96.00000

           Step           Time
             97       97.00000

   Energies (kJ/mol)
           Bond          Angle    Proper Dih. Per. Imp. Dih.          LJ-14
    6.74700e+03    1.16386e+04    1.07486e+04    3.46722e+02    3.67928e+03
     Coulomb-14        LJ (SR)   Coulomb (SR)   Coul. recip.      Potential
    3.97920e+04    7.70773e+04   -7.15941e+05    1.26009e+04   -5.53311e+05
 Pressure (bar)
   -3.10564e+03

           Step           Time
             98       98.00000

   Energies (kJ/mol)
           Bond          Angle    Proper Dih. Per. Imp. Dih.          LJ-14
    7.00803e+03    1.15810e+04    1.07414e+04    3.47509e+02    3.67549e+03
     Coulomb-14        LJ (SR)   Coulomb (SR)   Coul. recip.      Potential
    3.97940e+04    7.69241e+04   -7.16408e+05    1.25093e+04   -5.53827e+05
 Pressure (bar)
   -3.15748e+03

           Step           Time
             99       99.00000

   Energies (kJ/mol)
           Bond          Angle    Proper Dih. Per. Imp. Dih.          LJ-14
    6.73135e+03    1.15312e+04    1.07379e+04    3.44158e+02    3.67250e+03
     Coulomb-14        LJ (SR)   Coulomb (SR)   Coul. recip.      Potential
    3.97990e+04    7.68291e+04   -7.16634e+05    1.24566e+04   -5.54533e+05
 Pressure (bar)
   -3.17498e+03

           Step           Time
            100      100.00000

   Energies (kJ/mol)
           Bond          Angle    Proper Dih. Per. Imp. Dih.          LJ-14
    7.22878e+03    1.15036e+04    1.07312e+04    3.46933e+02    3.66986e+03
     Coulomb-14        LJ (SR)   Coulomb (SR)   Coul. recip.      Potential
    3.97994e+04    7.67093e+04   -7.17031e+05    1.23832e+04   -5.54659e+05
 Pressure (bar)
   -3.22359e+03

           Step           Time
            101      101.00000

   Energies (kJ/mol)
           Bond          Angle    Proper Dih. Per. Imp. Dih.          LJ-14
    6.90873e+03    1.14564e+04    1.07280e+04    3.41477e+02    3.66648e+03
     Coulomb-14        LJ (SR)   Coulomb (SR)   Coul. recip.      Potential
    3.98058e+04    7.66086e+04   -7.17260e+05    1.23286e+04   -5.55416e+05
 Pressure (bar)
   -3.24182e+03

           Step           Time
            102      102.00000

           Step           Time
            103      103.00000

   Energies (kJ/mol)
           Bond          Angle    Proper Dih. Per. Imp. Dih.          LJ-14
    6.34702e+03    1.13601e+04    1.07243e+04    3.44030e+02    3.66494e+03
     Coulomb-14        LJ (SR)   Coulomb (SR)   Coul. recip.      Potential
    3.98052e+04    7.65553e+04   -7.17443e+05    1.22939e+04   -5.56348e+05
 Pressure (bar)
   -3.23900e+03

           Step           Time
            104      104.00000

   Energies (kJ/mol)
           Bond          Angle    Proper Dih. Per. Imp. Dih.          LJ-14
    7.01501e+03    1.13338e+04    1.07144e+04    3.38287e+02    3.65879e+03
     Coulomb-14        LJ (SR)   Coulomb (SR)   Coul. recip.      Potential
    3.98144e+04    7.63283e+04   -7.18071e+05    1.21618e+04   -5.56706e+05
 Pressure (bar)
   -3.32225e+03

           Step           Time
            105      105.00000

   Energies (kJ/mol)
           Bond          Angle    Proper Dih. Per. Imp. Dih.          LJ-14
    6.32545e+03    1.12221e+04    1.07096e+04    3.42924e+02    3.65700e+03
     Coulomb-14        LJ (SR)   Coulomb (SR)   Coul. recip.      Potential
    3.98133e+04    7.62742e+04   -7.18283e+05    1.21245e+04   -5.57814e+05
 Pressure (bar)
   -3.32039e+03

           Step           Time
            106      106.00000

           Step           Time
            107      107.00000

   Energies (kJ/mol)
           Bond          Angle    Proper Dih. Per. Imp. Dih.          LJ-14
    6.15942e+03    1.11800e+04    1.07066e+04    3.38471e+02    3.65446e+03
     Coulomb-14        LJ (SR)   Coulomb (SR)   Coul. recip.      Potential
    3.98176e+04    7.61920e+04   -7.18492e+05    1.20781e+04   -5.58365e+05
 Pressure (bar)
   -3.33623e+03

           Step           Time
            108      108.00000

   Energies (kJ/mol)
           Bond          Angle    Proper Dih. Per. Imp. Dih.          LJ-14
    6.39166e+03    1.11329e+04    1.06988e+04    3.43212e+02    3.65179e+03
     Coulomb-14        LJ (SR)   Coulomb (SR)   Coul. recip.      Potential
    3.98189e+04    7.60857e+04   -7.18857e+05    1.20097e+04   -5.58725e+05
 Pressure (bar)
   -3.37528e+03

           Step           Time
            109      109.00000

   Energies (kJ/mol)
           Bond          Angle    Proper Dih. Per. Imp. Dih.          LJ-14
    6.19728e+03    1.10953e+04    1.06968e+04    3.35148e+02    3.64883e+03
     Coulomb-14        LJ (SR)   Coulomb (SR)   Coul. recip.      Potential
    3.98245e+04    7.59995e+04   -7.19071e+05    1.19625e+04   -5.59311e+05
 Pressure (bar)
   -3.39368e+03

           Step           Time
            110      110.00000

   Energies (kJ/mol)
           Bond          Angle    Proper Dih. Per. Imp. Dih.          LJ-14
    6.65174e+03    1.10666e+04    1.06879e+04    3.45998e+02    3.64699e+03
     Coulomb-14        LJ (SR)   Coulomb (SR)   Coul. recip.      Potential
    3.98244e+04    7.59097e+04   -7.19410e+05    1.19019e+04   -5.59375e+05
 Pressure (bar)
   -3.43278e+03

           Step           Time
            111      111.00000

   Energies (kJ/mol)
           Bond          Angle    Proper Dih. Per. Imp. Dih.          LJ-14
    6.45435e+03    1.10407e+04    1.06883e+04    3.31193e+02    3.64355e+03
     Coulomb-14        LJ (SR)   Coulomb (SR)   Coul. recip.      Potential
    3.98317e+04    7.58185e+04   -7.19624e+05    1.18541e+04   -5.59961e+05
 Pressure (bar)
   -3.45450e+03

           Step           Time
            112      112.00000

           Step           Time
            113      113.00000

   Energies (kJ/mol)
           Bond          Angle    Proper Dih. Per. Imp. Dih.          LJ-14
    5.78295e+03    1.09319e+04    1.06815e+04    3.38327e+02    3.64235e+03
     Coulomb-14        LJ (SR)   Coulomb (SR)   Coul. recip.      Potential
    3.98307e+04    7.57773e+04   -7.19784e+05    1.18236e+04   -5.60976e+05
 Pressure (bar)
   -3.44400e+03

           Step           Time
            114      114.00000

   Energies (kJ/mol)
           Bond          Angle    Proper Dih. Per. Imp. Dih.          LJ-14
    6.61805e+03    1.09142e+04    1.06715e+04    3.29193e+02    3.63580e+03
     Coulomb-14        LJ (SR)   Coulomb (SR)   Coul. recip.      Potential
    3.98418e+04    7.55520e+04   -7.20456e+05    1.16883e+04   -5.61205e+05
 Pressure (bar)
   -3.53477e+03

           Step           Time
            115      115.00000

   Energies (kJ/mol)
           Bond          Angle    Proper Dih. Per. Imp. Dih.          LJ-14
    5.76898e+03    1.07872e+04    1.06641e+04    3.38454e+02    3.63435e+03
     Coulomb-14        LJ (SR)   Coulomb (SR)   Coul. recip.      Potential
    3.98402e+04    7.55114e+04   -7.20646e+05    1.16550e+04   -5.62447e+05
 Pressure (bar)
   -3.52471e+03

           Step           Time
            116      116.00000

           Step           Time
            117      117.00000

   Energies (kJ/mol)
           Bond          Angle    Proper Dih. Per. Imp. Dih.          LJ-14
    5.66595e+03    1.07542e+04    1.06620e+04    3.30533e+02    3.63179e+03
     Coulomb-14        LJ (SR)   Coulomb (SR)   Coul. recip.      Potential
    3.98452e+04    7.54353e+04   -7.20850e+05    1.16120e+04   -5.62913e+05
 Pressure (bar)
   -3.54153e+03

           Step           Time
            118      118.00000

   Energies (kJ/mol)
           Bond          Angle    Proper Dih. Per. Imp. Dih.          LJ-14
    5.86567e+03    1.07086e+04    1.06530e+04    3.41674e+02    3.62994e+03
     Coulomb-14        LJ (SR)   Coulomb (SR)   Coul. recip.      Potential
    3.98459e+04    7.53582e+04   -7.21155e+05    1.15569e+04   -5.63195e+05
 Pressure (bar)
   -3.57146e+03

           Step           Time
            119      119.00000

   Energies (kJ/mol)
           Bond          Angle    Proper Dih. Per. Imp. Dih.          LJ-14
    5.76620e+03    1.06877e+04    1.06536e+04    3.26651e+02    3.62693e+03
     Coulomb-14        LJ (SR)   Coulomb (SR)   Coul. recip.      Potential
    3.98524e+04    7.52792e+04   -7.21359e+05    1.15142e+04   -5.63652e+05
 Pressure (bar)
   -3.59276e+03

           Step           Time
            120      120.00000

   Energies (kJ/mol)
           Bond          Angle    Proper Dih. Per. Imp. Dih.          LJ-14
    6.16936e+03    1.06512e+04    1.06430e+04    3.49542e+02    3.62590e+03
     Coulomb-14        LJ (SR)   Coulomb (SR)   Coul. recip.      Potential
    3.98513e+04    7.52133e+04   -7.21652e+05    1.14630e+04   -5.63686e+05
 Pressure (bar)
   -3.62218e+03

           Step           Time
            121      121.00000

   Energies (kJ/mol)
           Bond          Angle    Proper Dih. Per. Imp. Dih.          LJ-14
    6.12074e+03    1.06548e+04    1.06463e+04    3.24167e+02    3.62231e+03
     Coulomb-14        LJ (SR)   Coulomb (SR)   Coul. recip.      Potential
    3.98600e+04    7.51298e+04   -7.21854e+05    1.14211e+04   -5.64075e+05
 Pressure (bar)
   -3.65049e+03

           Step           Time
            122      122.00000

           Step           Time
            123      123.00000

   Energies (kJ/mol)
           Bond          Angle    Proper Dih. Per. Imp. Dih.          LJ-14
    5.29036e+03    1.05272e+04    1.06368e+04    3.30480e+02    3.62141e+03
     Coulomb-14        LJ (SR)   Coulomb (SR)   Coul. recip.      Potential
    3.98583e+04    7.50982e+04   -7.21996e+05    1.13935e+04   -5.65240e+05
 Pressure (bar)
   -3.63032e+03

           Step           Time
            124      124.00000

   Energies (kJ/mol)
           Bond          Angle    Proper Dih. Per. Imp. Dih.          LJ-14
    6.34504e+03    1.04988e+04    1.06163e+04    3.36148e+02    3.61445e+03
     Coulomb-14        LJ (SR)   Coulomb (SR)   Coul. recip.      Potential
    3.98717e+04    7.48667e+04   -7.22748e+05    1.12474e+04   -5.65351e+05
 Pressure (bar)
   -3.72909e+03

           Step           Time
            125      125.00000

   Energies (kJ/mol)
           Bond          Angle    Proper Dih. Per. Imp. Dih.          LJ-14
    5.27525e+03    1.03701e+04    1.06162e+04    3.28770e+02    3.61286e+03
     Coulomb-14        LJ (SR)   Coulomb (SR)   Coul. recip.      Potential
    3.98702e+04    7.48373e+04   -7.22924e+05    1.12171e+04   -5.66796e+05
 Pressure (bar)
   -3.71548e+03

           Step           Time
            126      126.00000

           Step           Time
            127      127.00000

   Energies (kJ/mol)
           Bond          Angle    Proper Dih. Per. Imp. Dih.          LJ-14
    5.24949e+03    1.03352e+04    1.06093e+04    3.31366e+02    3.61058e+03
     Coulomb-14        LJ (SR)   Coulomb (SR)   Coul. recip.      Potential
    3.98755e+04    7.47660e+04   -7.23123e+05    1.11768e+04   -5.67169e+05
 Pressure (bar)
   -3.72968e+03

           Step           Time
            128      128.00000

   Energies (kJ/mol)
           Bond          Angle    Proper Dih. Per. Imp. Dih.          LJ-14
    5.39802e+03    1.03067e+04    1.06072e+04    3.25336e+02    3.60902e+03
     Coulomb-14        LJ (SR)   Coulomb (SR)   Coul. recip.      Potential
    3.98761e+04    7.47113e+04   -7.23384e+05    1.11314e+04   -5.67419e+05
 Pressure (bar)
   -3.75704e+03

           Step           Time
            129      129.00000

   Energies (kJ/mol)
           Bond          Angle    Proper Dih. Per. Imp. Dih.          LJ-14
    5.41650e+03    1.02774e+04    1.05978e+04    3.33872e+02    3.60648e+03
     Coulomb-14        LJ (SR)   Coulomb (SR)   Coul. recip.      Potential
    3.98826e+04    7.46384e+04   -7.23577e+05    1.10929e+04   -5.67731e+05
 Pressure (bar)
   -3.77386e+03

           Step           Time
            130      130.00000

   Energies (kJ/mol)
           Bond          Angle    Proper Dih. Per. Imp. Dih.          LJ-14
    5.74451e+03    1.02698e+04    1.05992e+04    3.22290e+02    3.60535e+03
     Coulomb-14        LJ (SR)   Coulomb (SR)   Coul. recip.      Potential
    3.98820e+04    7.45920e+04   -7.23838e+05    1.10487e+04   -5.67775e+05
 Pressure (bar)
   -3.80557e+03

           Step           Time
            131      131.00000

   Energies (kJ/mol)
           Bond          Angle    Proper Dih. Per. Imp. Dih.          LJ-14
    5.87859e+03    1.02508e+04    1.05866e+04    3.40240e+02    3.60267e+03
     Coulomb-14        LJ (SR)   Coulomb (SR)   Coul. recip.      Potential
    3.98898e+04    7.45148e+04   -7.24020e+05    1.10123e+04   -5.67945e+05
 Pressure (bar)
   -3.82452e+03

           Step           Time
            132      132.00000

           Step           Time
            133      133.00000

   Energies (kJ/mol)
           Bond          Angle    Proper Dih. Per. Imp. Dih.          LJ-14
    4.84458e+03    1.01307e+04    1.05875e+04    3.25044e+02    3.60128e+03
     Coulomb-14        LJ (SR)   Coulomb (SR)   Coul. recip.      Potential
    3.98890e+04    7.44919e+04   -7.24153e+05    1.09867e+04   -5.69297e+05
 Pressure (bar)
   -3.80541e+03

           Step           Time
            134      134.00000

           Step           Time
            135      135.00000

   Energies (kJ/mol)
           Bond          Angle    Proper Dih. Per. Imp. Dih.          LJ-14
    5.03441e+03    1.00506e+04    1.05753e+04    3.53200e+02    3.59727e+03
     Coulomb-14        LJ (SR)   Coulomb (SR)   Coul. recip.      Potential
    3.98966e+04    7.43630e+04   -7.24598e+05    1.09011e+04   -5.69827e+05
 Pressure (bar)
   -3.84312e+03

           Step           Time
            136      136.00000

   Energies (kJ/mol)
           Bond          Angle    Proper Dih. Per. Imp. Dih.          LJ-14
    4.80618e+03    1.00311e+04    1.05769e+04    3.21187e+02    3.59563e+03
     Coulomb-14        LJ (SR)   Coulomb (SR)   Coul. recip.      Potential
    3.98979e+04    7.43331e+04   -7.24772e+05    1.08721e+04   -5.70338e+05
 Pressure (bar)
   -3.86253e+03

           Step           Time
            137      137.00000

   Energies (kJ/mol)
           Bond          Angle    Proper Dih. Per. Imp. Dih.          LJ-14
    5.18541e+03    9.96406e+03    1.05819e+04    3.91973e+02    3.59335e+03
     Coulomb-14        LJ (SR)   Coulomb (SR)   Coul. recip.      Potential
    3.99038e+04    7.42383e+04   -7.25072e+05    1.08150e+04   -5.70398e+05
 Pressure (bar)
   -3.88390e+03

           Step           Time
            138      138.00000

   Energies (kJ/mol)
           Bond          Angle    Proper Dih. Per. Imp. Dih.          LJ-14
    4.91962e+03    9.96863e+03    1.05572e+04    3.30920e+02    3.59161e+03
     Coulomb-14        LJ (SR)   Coulomb (SR)   Coul. recip.      Potential
    3.99044e+04    7.42115e+04   -7.25268e+05    1.07831e+04   -5.71001e+05
 Pressure (bar)
   -3.91179e+03

           Step           Time
            139      139.00000

           Step           Time
            140      140.00000

   Energies (kJ/mol)
           Bond          Angle    Proper Dih. Per. Imp. Dih.          LJ-14
    4.63919e+03    9.88470e+03    1.05534e+04    3.45938e+02    3.58995e+03
     Coulomb-14        LJ (SR)   Coulomb (SR)   Coul. recip.      Potential
    3.99075e+04    7.41658e+04   -7.25385e+05    1.07586e+04   -5.71540e+05
 Pressure (bar)
   -3.90044e+03

           Step           Time
            141      141.00000

   Energies (kJ/mol)
           Bond          Angle    Proper Dih. Per. Imp. Dih.          LJ-14
    4.98790e+03    9.88746e+03    1.05495e+04    3.22858e+02    3.58739e+03
     Coulomb-14        LJ (SR)   Coulomb (SR)   Coul. recip.      Potential
    3.99120e+04    7.40854e+04   -7.25775e+05    1.06901e+04   -5.71753e+05
 Pressure (bar)
   -3.95167e+03

           Step           Time
            142      142.00000

   Energies (kJ/mol)
           Bond          Angle    Proper Dih. Per. Imp. Dih.          LJ-14
    4.65057e+03    9.80821e+03    1.05378e+04    3.34914e+02    3.58547e+03
     Coulomb-14        LJ (SR)   Coulomb (SR)   Coul. recip.      Potential
    3.99165e+04    7.40343e+04   -7.25901e+05    1.06650e+04   -5.72368e+05
 Pressure (bar)
   -3.94324e+03

           Step           Time
            143      143.00000

           Step           Time
            144      144.00000

   Energies (kJ/mol)
           Bond          Angle    Proper Dih. Per. Imp. Dih.          LJ-14
    4.52863e+03    9.77712e+03    1.05367e+04    3.25500e+02    3.58439e+03
     Coulomb-14        LJ (SR)   Coulomb (SR)   Coul. recip.      Potential
    3.99176e+04    7.40049e+04   -7.26062e+05    1.06363e+04   -5.72750e+05
 Pressure (bar)
   -3.95518e+03

           Step           Time
            145      145.00000

   Energies (kJ/mol)
           Bond          Angle    Proper Dih. Per. Imp. Dih.          LJ-14
    4.68416e+03    9.72986e+03    1.05264e+04    3.46013e+02    3.58166e+03
     Coulomb-14        LJ (SR)   Coulomb (SR)   Coul. recip.      Potential
    3.99238e+04    7.39272e+04   -7.26336e+05    1.05866e+04   -5.73030e+05
 Pressure (bar)
   -3.97890e+03

           Step           Time
            146      146.00000

   Energies (kJ/mol)
           Bond          Angle    Proper Dih. Per. Imp. Dih.          LJ-14
    4.55402e+03    9.70941e+03    1.05265e+04    3.24822e+02    3.58037e+03
     Coulomb-14        LJ (SR)   Coulomb (SR)   Coul. recip.      Potential
    3.99247e+04    7.38990e+04   -7.26516e+05    1.05554e+04   -5.73442e+05
 Pressure (bar)
   -3.99527e+03

           Step           Time
            147      147.00000

   Energies (kJ/mol)
           Bond          Angle    Proper Dih. Per. Imp. Dih.          LJ-14
    4.83988e+03    9.66992e+03    1.05180e+04    3.60685e+02    3.57819e+03
     Coulomb-14        LJ (SR)   Coulomb (SR)   Coul. recip.      Potential
    3.99307e+04    7.38281e+04   -7.26741e+05    1.05147e+04   -5.73501e+05
 Pressure (bar)
   -4.01321e+03

           Step           Time
            148      148.00000

   Energies (kJ/mol)
           Bond          Angle    Proper Dih. Per. Imp. Dih.          LJ-14
    4.73358e+03    9.67273e+03    1.05184e+04    3.26971e+02    3.57681e+03
     Coulomb-14        LJ (SR)   Coulomb (SR)   Coul. recip.      Potential
    3.99312e+04    7.38041e+04   -7.26942e+05    1.04813e+04   -5.73897e+05
 Pressure (bar)
   -4.03880e+03

           Step           Time
            149      149.00000

           Step           Time
            150      150.00000

   Energies (kJ/mol)
           Bond          Angle    Proper Dih. Per. Imp. Dih.          LJ-14
    4.32196e+03    9.59152e+03    1.05059e+04    3.30641e+02    3.57534e+03
     Coulomb-14        LJ (SR)   Coulomb (SR)   Coul. recip.      Potential
    3.99345e+04    7.37656e+04   -7.27035e+05    1.04622e+04   -5.74547e+05
 Pressure (bar)
   -4.02505e+03

           Step           Time
            151      151.00000

   Energies (kJ/mol)
           Bond          Angle    Proper Dih. Per. Imp. Dih.          LJ-14
    4.84496e+03    9.53185e+03    1.04904e+04    3.52886e+02    3.57215e+03
     Coulomb-14        LJ (SR)   Coulomb (SR)   Coul. recip.      Potential
    3.99391e+04    7.36692e+04   -7.27540e+05    1.03733e+04   -5.74767e+05
 Pressure (bar)
   -4.07903e+03

           Step           Time
            152      152.00000

   Energies (kJ/mol)
           Bond          Angle    Proper Dih. Per. Imp. Dih.          LJ-14
    4.31049e+03    9.48275e+03    1.04835e+04    3.40948e+02    3.56930e+03
     Coulomb-14        LJ (SR)   Coulomb (SR)   Coul. recip.      Potential
    3.99451e+04    7.36250e+04   -7.27649e+05    1.03539e+04   -5.75538e+05
 Pressure (bar)
   -4.07705e+03

           Step           Time
            153      153.00000

           Step           Time
            154      154.00000

   Energies (kJ/mol)
           Bond          Angle    Proper Dih. Per. Imp. Dih.          LJ-14
    4.27565e+03    9.44078e+03    1.04781e+04    3.44789e+02    3.56849e+03
     Coulomb-14        LJ (SR)   Coulomb (SR)   Coul. recip.      Potential
    3.99452e+04    7.35951e+04   -7.27824e+05    1.03223e+04   -5.75854e+05
 Pressure (bar)
   -4.08455e+03

           Step           Time
            155      155.00000

   Energies (kJ/mol)
           Bond          Angle    Proper Dih. Per. Imp. Dih.          LJ-14
    4.36184e+03    9.42284e+03    1.04720e+04    3.43592e+02    3.56583e+03
     Coulomb-14        LJ (SR)   Coulomb (SR)   Coul. recip.      Potential
    3.99516e+04    7.35391e+04   -7.28024e+05    1.02882e+04   -5.76080e+05
 Pressure (bar)
   -4.10688e+03

           Step           Time
            156      156.00000

   Energies (kJ/mol)
           Bond          Angle    Proper Dih. Per. Imp. Dih.          LJ-14
    4.35685e+03    9.37345e+03    1.04651e+04    3.55944e+02    3.56521e+03
     Coulomb-14        LJ (SR)   Coulomb (SR)   Coul. recip.      Potential
    3.99505e+04    7.35133e+04   -7.28211e+05    1.02553e+04   -5.76375e+05
 Pressure (bar)
   -4.11613e+03

           Step           Time
            157      157.00000

   Energies (kJ/mol)
           Bond          Angle    Proper Dih. Per. Imp. Dih.          LJ-14
    4.53598e+03    9.37179e+03    1.04628e+04    3.51345e+02    3.56224e+03
     Coulomb-14        LJ (SR)   Coulomb (SR)   Coul. recip.      Potential
    3.99581e+04    7.34564e+04   -7.28392e+05    1.02252e+04   -5.76469e+05
 Pressure (bar)
   -4.14115e+03

           Step           Time
            158      158.00000

   Energies (kJ/mol)
           Bond          Angle    Proper Dih. Per. Imp. Dih.          LJ-14
    4.60787e+03    9.31285e+03    1.04565e+04    3.71708e+02    3.56219e+03
     Coulomb-14        LJ (SR)   Coulomb (SR)   Coul. recip.      Potential
    3.99549e+04    7.34364e+04   -7.28589e+05    1.01906e+04   -5.76696e+05
 Pressure (bar)
   -4.15056e+03

           Step           Time
            159      159.00000

           Step           Time
            160      160.00000

   Energies (kJ/mol)
           Bond          Angle    Proper Dih. Per. Imp. Dih.          LJ-14
    4.03198e+03    9.25031e+03    1.04553e+04    3.60522e+02    3.55973e+03
     Coulomb-14        LJ (SR)   Coulomb (SR)   Coul. recip.      Potential
    3.99600e+04    7.34028e+04   -7.28670e+05    1.01754e+04   -5.77474e+05
 Pressure (bar)
   -4.14435e+03

           Step           Time
            161      161.00000

   Energies (kJ/mol)
           Bond          Angle    Proper Dih. Per. Imp. Dih.          LJ-14
    4.85463e+03    9.03632e+03    1.04923e+04    4.40026e+02    3.55492e+03
     Coulomb-14        LJ (SR)   Coulomb (SR)   Coul. recip.      Potential
    3.99641e+04    7.32706e+04   -7.29394e+05    1.00480e+04   -5.77733e+05
 Pressure (bar)
   -4.21022e+03

           Step           Time
            162      162.00000

   Energies (kJ/mol)
           Bond          Angle    Proper Dih. Per. Imp. Dih.          LJ-14
    4.02502e+03    8.92414e+03    1.04784e+04    4.01349e+02    3.55107e+03
     Coulomb-14        LJ (SR)   Coulomb (SR)   Coul. recip.      Potential
    3.99716e+04    7.32328e+04   -7.29487e+05    1.00337e+04   -5.78869e+05
 Pressure (bar)
   -4.20918e+03

           Step           Time
            163      163.00000

           Step           Time
            164      164.00000

   Energies (kJ/mol)
           Bond          Angle    Proper Dih. Per. Imp. Dih.          LJ-14
    4.09486e+03    8.83748e+03    1.04808e+04    3.74722e+02    3.54908e+03
     Coulomb-14        LJ (SR)   Coulomb (SR)   Coul. recip.      Potential
    3.99723e+04    7.32038e+04   -7.29681e+05    9.99940e+03   -5.79168e+05
 Pressure (bar)
   -4.22104e+03

           Step           Time
            165      165.00000

   Energies (kJ/mol)
           Bond          Angle    Proper Dih. Per. Imp. Dih.          LJ-14
    4.11066e+03    8.77396e+03    1.04745e+04    3.40126e+02    3.54608e+03
     Coulomb-14        LJ (SR)   Coulomb (SR)   Coul. recip.      Potential
    3.99803e+04    7.31587e+04   -7.29832e+05    9.97510e+03   -5.79472e+05
 Pressure (bar)
   -4.23793e+03

           Step           Time
            166      166.00000

   Energies (kJ/mol)
           Bond          Angle    Proper Dih. Per. Imp. Dih.          LJ-14
    4.25003e+03    8.71466e+03    1.04695e+04    3.11655e+02    3.54474e+03
     Coulomb-14        LJ (SR)   Coulomb (SR)   Coul. recip.      Potential
    3.99806e+04    7.31367e+04   -7.30029e+05    9.94120e+03   -5.79680e+05
 Pressure (bar)
   -4.25362e+03

           Step           Time
            167      167.00000

   Energies (kJ/mol)
           Bond          Angle    Proper Dih. Per. Imp. Dih.          LJ-14
    4.31579e+03    8.68753e+03    1.04620e+04    2.88806e+02    3.54149e+03
     Coulomb-14        LJ (SR)   Coulomb (SR)   Coul. recip.      Potential
    3.99901e+04    7.30878e+04   -7.30171e+05    9.91946e+03   -5.79878e+05
 Pressure (bar)
   -4.27228e+03

           Step           Time
            168      168.00000

   Energies (kJ/mol)
           Bond          Angle    Proper Dih. Per. Imp. Dih.          LJ-14
    4.60813e+03    8.65568e+03    1.04578e+04    2.83544e+02    3.54107e+03
     Coulomb-14        LJ (SR)   Coulomb (SR)   Coul. recip.      Potential
    3.99873e+04    7.30753e+04   -7.30374e+05    9.88496e+03   -5.79881e+05
 Pressure (bar)
   -4.29071e+03

           Step           Time
            169      169.00000

           Step           Time
            170      170.00000

   Energies (kJ/mol)
           Bond          Angle    Proper Dih. Per. Imp. Dih.          LJ-14
    3.78362e+03    8.56399e+03    1.04544e+04    2.78088e+02    3.53828e+03
     Coulomb-14        LJ (SR)   Coulomb (SR)   Coul. recip.      Potential
    3.99930e+04    7.30439e+04   -7.30439e+05    9.87299e+03   -5.80910e+05
 Pressure (bar)
   -4.27476e+03

           Step           Time
            171      171.00000

   Energies (kJ/mol)
           Bond          Angle    Proper Dih. Per. Imp. Dih.          LJ-14
    4.14161e+03    8.40255e+03    1.04299e+04    2.83239e+02    3.53014e+03
     Coulomb-14        LJ (SR)   Coulomb (SR)   Coul. recip.      Potential
    4.00022e+04    7.29140e+04   -7.31233e+05    9.73755e+03   -5.81792e+05
 Pressure (bar)
   -4.34103e+03

           Step           Time
            172      172.00000

   Energies (kJ/mol)
           Bond          Angle    Proper Dih. Per. Imp. Dih.          LJ-14
    4.19919e+03    8.41642e+03    1.04333e+04    2.72173e+02    3.52594e+03
     Coulomb-14        LJ (SR)   Coulomb (SR)   Coul. recip.      Potential
    4.00114e+04    7.28704e+04   -7.31378e+05    9.72108e+03   -5.81928e+05
 Pressure (bar)
   -4.36937e+03

           Step           Time
            173      173.00000

           Step           Time
            174      174.00000

   Energies (kJ/mol)
           Bond          Angle    Proper Dih. Per. Imp. Dih.          LJ-14
    3.63052e+03    8.33231e+03    1.04223e+04    2.70783e+02    3.52580e+03
     Coulomb-14        LJ (SR)   Coulomb (SR)   Coul. recip.      Potential
    4.00081e+04    7.28626e+04   -7.31473e+05    9.70140e+03   -5.82719e+05
 Pressure (bar)
   -4.34916e+03

           Step           Time
            175      175.00000

   Energies (kJ/mol)
           Bond          Angle    Proper Dih. Per. Imp. Dih.          LJ-14
    4.36061e+03    8.25642e+03    1.04206e+04    3.18154e+02    3.51815e+03
     Coulomb-14        LJ (SR)   Coulomb (SR)   Coul. recip.      Potential
    4.00193e+04    7.27351e+04   -7.32125e+05    9.59621e+03   -5.82901e+05
 Pressure (bar)
   -4.40011e+03

           Step           Time
            176      176.00000

   Energies (kJ/mol)
           Bond          Angle    Proper Dih. Per. Imp. Dih.          LJ-14
    3.61088e+03    8.20762e+03    1.03973e+04    2.73501e+02    3.51711e+03
     Coulomb-14        LJ (SR)   Coulomb (SR)   Coul. recip.      Potential
    4.00168e+04    7.27356e+04   -7.32261e+05    9.57452e+03   -5.83928e+05
 Pressure (bar)
   -4.40336e+03

           Step           Time
            177      177.00000

           Step           Time
            178      178.00000

   Energies (kJ/mol)
           Bond          Angle    Proper Dih. Per. Imp. Dih.          LJ-14
    3.65035e+03    8.17017e+03    1.03948e+04    2.82460e+02    3.51494e+03
     Coulomb-14        LJ (SR)   Coulomb (SR)   Coul. recip.      Potential
    4.00220e+04    7.26968e+04   -7.32404e+05    9.55156e+03   -5.84121e+05
 Pressure (bar)
   -4.40405e+03

           Step           Time
            179      179.00000

   Energies (kJ/mol)
           Bond          Angle    Proper Dih. Per. Imp. Dih.          LJ-14
    3.69133e+03    8.18145e+03    1.03961e+04    2.65881e+02    3.51421e+03
     Coulomb-14        LJ (SR)   Coulomb (SR)   Coul. recip.      Potential
    4.00219e+04    7.26870e+04   -7.32580e+05    9.52382e+03   -5.84299e+05
 Pressure (bar)
   -4.42830e+03

           Step           Time
            180      180.00000

   Energies (kJ/mol)
           Bond          Angle    Proper Dih. Per. Imp. Dih.          LJ-14
    3.80056e+03    8.13278e+03    1.03844e+04    2.80339e+02    3.51230e+03
     Coulomb-14        LJ (SR)   Coulomb (SR)   Coul. recip.      Potential
    4.00277e+04    7.26455e+04   -7.32712e+05    9.50398e+03   -5.84424e+05
 Pressure (bar)
   -4.42771e+03

           Step           Time
            181      181.00000

   Energies (kJ/mol)
           Bond          Angle    Proper Dih. Per. Imp. Dih.          LJ-14
    3.91135e+03    8.15762e+03    1.03916e+04    2.68021e+02    3.51163e+03
     Coulomb-14        LJ (SR)   Coulomb (SR)   Coul. recip.      Potential
    4.00263e+04    7.26430e+04   -7.32898e+05    9.47460e+03   -5.84514e+05
 Pressure (bar)
   -4.45674e+03

           Step           Time
            182      182.00000

   Energies (kJ/mol)
           Bond          Angle    Proper Dih. Per. Imp. Dih.          LJ-14
    4.13272e+03    8.12428e+03    1.03715e+04    2.68451e+02    3.50944e+03
     Coulomb-14        LJ (SR)   Coulomb (SR)   Coul. recip.      Potential
    4.00338e+04    7.25957e+04   -7.33015e+05    9.45849e+03   -5.84521e+05
 Pressure (bar)
   -4.45665e+03

           Step           Time
            183      183.00000

           Step           Time
            184      184.00000

   Energies (kJ/mol)
           Bond          Angle    Proper Dih. Per. Imp. Dih.          LJ-14
    3.37613e+03    8.04490e+03    1.03733e+04    2.62652e+02    3.50860e+03
     Coulomb-14        LJ (SR)   Coulomb (SR)   Coul. recip.      Potential
    4.00320e+04    7.25950e+04   -7.33112e+05    9.44001e+03   -5.85480e+05
 Pressure (bar)
   -4.44556e+03

           Step           Time
            185      185.00000

   Energies (kJ/mol)
           Bond          Angle    Proper Dih. Per. Imp. Dih.          LJ-14
    3.49949e+03    7.89674e+03    1.03810e+04    3.18271e+02    3.50368e+03
     Coulomb-14        LJ (SR)   Coulomb (SR)   Coul. recip.      Potential
    4.00399e+04    7.25220e+04   -7.33595e+05    9.36425e+03   -5.86070e+05
 Pressure (bar)
   -4.48262e+03

           Step           Time
            186      186.00000

           Step           Time
            187      187.00000

   Energies (kJ/mol)
           Bond          Angle    Proper Dih. Per. Imp. Dih.          LJ-14
    3.34335e+03    7.87130e+03    1.03776e+04    3.17603e+02    3.50233e+03
     Coulomb-14        LJ (SR)   Coulomb (SR)   Coul. recip.      Potential
    4.00385e+04    7.25170e+04   -7.33714e+05    9.34576e+03   -5.86400e+05
 Pressure (bar)
   -4.48763e+03

           Step           Time
            188      188.00000

   Energies (kJ/mol)
           Bond          Angle    Proper Dih. Per. Imp. Dih.          LJ-14
    3.54488e+03    7.86790e+03    1.03670e+04    3.10949e+02    3.49913e+03
     Coulomb-14        LJ (SR)   Coulomb (SR)   Coul. recip.      Potential
    4.00451e+04    7.24724e+04   -7.33936e+05    9.31368e+03   -5.86515e+05
 Pressure (bar)
   -4.50806e+03

           Step           Time
            189      189.00000

   Energies (kJ/mol)
           Bond          Angle    Proper Dih. Per. Imp. Dih.          LJ-14
    3.38085e+03    7.83219e+03    1.03641e+04    3.11953e+02    3.49886e+03
     Coulomb-14        LJ (SR)   Coulomb (SR)   Coul. recip.      Potential
    4.00429e+04    7.24688e+04   -7.34068e+05    9.29158e+03   -5.86876e+05
 Pressure (bar)
   -4.50993e+03

           Step           Time
            190      190.00000

           Step           Time
            191      191.00000

   Energies (kJ/mol)
           Bond          Angle    Proper Dih. Per. Imp. Dih.          LJ-14
    3.25374e+03    7.80742e+03    1.03603e+04    3.10669e+02    3.49725e+03
     Coulomb-14        LJ (SR)   Coulomb (SR)   Coul. recip.      Potential
    4.00470e+04    7.24469e+04   -7.34154e+05    9.27905e+03   -5.87151e+05
 Pressure (bar)
   -4.51211e+03

           Step           Time
            192      192.00000

   Energies (kJ/mol)
           Bond          Angle    Proper Dih. Per. Imp. Dih.          LJ-14
    3.42194e+03    7.78666e+03    1.03521e+04    3.09349e+02    3.49589e+03
     Coulomb-14        LJ (SR)   Coulomb (SR)   Coul. recip.      Potential
    4.00477e+04    7.24234e+04   -7.34416e+05    9.23810e+03   -5.87341e+05
 Pressure (bar)
   -4.53201e+03

           Step           Time
            193      193.00000

   Energies (kJ/mol)
           Bond          Angle    Proper Dih. Per. Imp. Dih.          LJ-14
    3.25653e+03    7.75762e+03    1.03483e+04    3.08633e+02    3.49383e+03
     Coulomb-14        LJ (SR)   Coulomb (SR)   Coul. recip.      Potential
    4.00532e+04    7.23979e+04   -7.34507e+05    9.22583e+03   -5.87665e+05
 Pressure (bar)
   -4.53450e+03

           Step           Time
            194      194.00000

   Energies (kJ/mol)
           Bond          Angle    Proper Dih. Per. Imp. Dih.          LJ-14
    3.53966e+03    7.75322e+03    1.03419e+04    3.08036e+02    3.49338e+03
     Coulomb-14        LJ (SR)   Coulomb (SR)   Coul. recip.      Potential
    4.00521e+04    7.23853e+04   -7.34732e+05    9.19060e+03   -5.87668e+05
 Pressure (bar)
   -4.55430e+03

           Step           Time
            195      195.00000

   Energies (kJ/mol)
           Bond          Angle    Proper Dih. Per. Imp. Dih.          LJ-14
    3.33418e+03    7.71947e+03    1.03382e+04    3.07897e+02    3.49076e+03
     Coulomb-14        LJ (SR)   Coulomb (SR)   Coul. recip.      Potential
    4.00594e+04    7.23546e+04   -7.34823e+05    9.17915e+03   -5.88040e+05
 Pressure (bar)
   -4.55634e+03

           Step           Time
            196      196.00000

           Step           Time
            197      197.00000

   Energies (kJ/mol)
           Bond          Angle    Proper Dih. Per. Imp. Dih.          LJ-14
    3.16113e+03    7.68722e+03    1.03355e+04    3.07906e+02    3.49055e+03
     Coulomb-14        LJ (SR)   Coulomb (SR)   Coul. recip.      Potential
    4.00578e+04    7.23515e+04   -7.34927e+05    9.16147e+03   -5.88374e+05
 Pressure (bar)
   -4.55590e+03

           Step           Time
            198      198.00000

   Energies (kJ/mol)
           Bond          Angle    Proper Dih. Per. Imp. Dih.          LJ-14
    3.39905e+03    7.67051e+03    1.03280e+04    3.08723e+02    3.48750e+03
     Coulomb-14        LJ (SR)   Coulomb (SR)   Coul. recip.      Potential
    4.00657e+04    7.23102e+04   -7.35174e+05    9.12678e+03   -5.88478e+05
 Pressure (bar)
   -4.57908e+03

           Step           Time
            199      199.00000

   Energies (kJ/mol)
           Bond          Angle    Proper Dih. Per. Imp. Dih.          LJ-14
    3.19559e+03    7.63257e+03    1.03255e+04    3.09534e+02    3.48746e+03
     Coulomb-14        LJ (SR)   Coulomb (SR)   Coul. recip.      Potential
    4.00630e+04    7.23103e+04   -7.35295e+05    9.10646e+03   -5.88865e+05
 Pressure (bar)
   -4.57948e+03

           Step           Time
            200      200.00000

           Step           Time
            201      201.00000

   Energies (kJ/mol)
           Bond          Angle    Proper Dih. Per. Imp. Dih.          LJ-14
    3.10031e+03    7.60569e+03    1.03233e+04    3.11072e+02    3.48577e+03
     Coulomb-14        LJ (SR)   Coulomb (SR)   Coul. recip.      Potential
    4.00674e+04    7.22903e+04   -7.35385e+05    9.09411e+03   -5.89107e+05
 Pressure (bar)
   -4.58237e+03

           Step           Time
            202      202.00000

   Energies (kJ/mol)
           Bond          Angle    Proper Dih. Per. Imp. Dih.          LJ-14
    3.24048e+03    7.57793e+03    1.03197e+04    3.14973e+02    3.48488e+03
     Coulomb-14        LJ (SR)   Coulomb (SR)   Coul. recip.      Potential
    4.00674e+04    7.22770e+04   -7.35604e+05    9.06055e+03   -5.89261e+05
 Pressure (bar)
   -4.59864e+03

           Step           Time
            203      203.00000

   Energies (kJ/mol)
           Bond          Angle    Proper Dih. Per. Imp. Dih.          LJ-14
    3.12013e+03    7.54157e+03    1.03188e+04    3.18879e+02    3.48272e+03
     Coulomb-14        LJ (SR)   Coulomb (SR)   Coul. recip.      Potential
    4.00730e+04    7.22536e+04   -7.35696e+05    9.04875e+03   -5.89539e+05
 Pressure (bar)
   -4.60183e+03

           Step           Time
            204      204.00000

   Energies (kJ/mol)
           Bond          Angle    Proper Dih. Per. Imp. Dih.          LJ-14
    3.36078e+03    7.51290e+03    1.03178e+04    3.26105e+02    3.48250e+03
     Coulomb-14        LJ (SR)   Coulomb (SR)   Coul. recip.      Potential
    4.00710e+04    7.22484e+04   -7.35895e+05    9.01812e+03   -5.89557e+05
 Pressure (bar)
   -4.61852e+03

           Step           Time
            205      205.00000

   Energies (kJ/mol)
           Bond          Angle    Proper Dih. Per. Imp. Dih.          LJ-14
    3.22021e+03    7.45967e+03    1.03178e+04    3.32389e+02    3.47970e+03
     Coulomb-14        LJ (SR)   Coulomb (SR)   Coul. recip.      Potential
    4.00782e+04    7.22204e+04   -7.35985e+05    9.00748e+03   -5.89869e+05
 Pressure (bar)
   -4.62153e+03

           Step           Time
            206      206.00000

           Step           Time
            207      207.00000

   Energies (kJ/mol)
           Bond          Angle    Proper Dih. Per. Imp. Dih.          LJ-14
    3.01984e+03    7.40422e+03    1.03170e+04    3.36480e+02    3.47945e+03
     Coulomb-14        LJ (SR)   Coulomb (SR)   Coul. recip.      Potential
    4.00760e+04    7.22206e+04   -7.36079e+05    8.99139e+03   -5.90234e+05
 Pressure (bar)
   -4.61947e+03

           Step           Time
            208      208.00000

   Energies (kJ/mol)
           Bond          Angle    Proper Dih. Per. Imp. Dih.          LJ-14
    3.31796e+03    7.30099e+03    1.03092e+04    3.43520e+02    3.47539e+03
     Coulomb-14        LJ (SR)   Coulomb (SR)   Coul. recip.      Potential
    4.00836e+04    7.21842e+04   -7.36353e+05    8.95384e+03   -5.90384e+05
 Pressure (bar)
   -4.64476e+03

           Step           Time
            209      209.00000

   Energies (kJ/mol)
           Bond          Angle    Proper Dih. Per. Imp. Dih.          LJ-14
    3.06861e+03    7.24392e+03    1.03045e+04    3.42547e+02    3.47488e+03
     Coulomb-14        LJ (SR)   Coulomb (SR)   Coul. recip.      Potential
    4.00806e+04    7.21881e+04   -7.36465e+05    8.93515e+03   -5.90827e+05
 Pressure (bar)
   -4.64327e+03

           Step           Time
            210      210.00000

           Step           Time
            211      211.00000

   Energies (kJ/mol)
           Bond          Angle    Proper Dih. Per. Imp. Dih.          LJ-14
    3.00298e+03    7.19887e+03    1.02989e+04    3.39775e+02    3.47254e+03
     Coulomb-14        LJ (SR)   Coulomb (SR)   Coul. recip.      Potential
    4.00852e+04    7.21706e+04   -7.36557e+05    8.92273e+03   -5.91065e+05
 Pressure (bar)
   -4.64649e+03

           Step           Time
            212      212.00000

   Energies (kJ/mol)
           Bond          Angle    Proper Dih. Per. Imp. Dih.          LJ-14
    3.11615e+03    7.14996e+03    1.02879e+04    3.29895e+02    3.47089e+03
     Coulomb-14        LJ (SR)   Coulomb (SR)   Coul. recip.      Potential
    4.00849e+04    7.21663e+04   -7.36743e+05    8.89456e+03   -5.91242e+05
 Pressure (bar)
   -4.65915e+03

           Step           Time
            213      213.00000

   Energies (kJ/mol)
           Bond          Angle    Proper Dih. Per. Imp. Dih.          LJ-14
    3.03166e+03    7.11211e+03    1.02804e+04    3.20433e+02    3.46797e+03
     Coulomb-14        LJ (SR)   Coulomb (SR)   Coul. recip.      Potential
    4.00912e+04    7.21455e+04   -7.36836e+05    8.88290e+03   -5.91504e+05
 Pressure (bar)
   -4.66269e+03

           Step           Time
            214      214.00000

   Energies (kJ/mol)
           Bond          Angle    Proper Dih. Per. Imp. Dih.          LJ-14
    3.22383e+03    7.09017e+03    1.02684e+04    3.02069e+02    3.46703e+03
     Coulomb-14        LJ (SR)   Coulomb (SR)   Coul. recip.      Potential
    4.00896e+04    7.21470e+04   -7.37013e+05    8.85565e+03   -5.91569e+05
 Pressure (bar)
   -4.67598e+03

           Step           Time
            215      215.00000

   Energies (kJ/mol)
           Bond          Angle    Proper Dih. Per. Imp. Dih.          LJ-14
    3.13040e+03    7.06057e+03    1.02607e+04    2.88453e+02    3.46363e+03
     Coulomb-14        LJ (SR)   Coulomb (SR)   Coul. recip.      Potential
    4.00979e+04    7.21211e+04   -7.37104e+05    8.84542e+03   -5.91836e+05
 Pressure (bar)
   -4.67995e+03

           Step           Time
            216      216.00000

           Step           Time
            217      217.00000

   Energies (kJ/mol)
           Bond          Angle    Proper Dih. Per. Imp. Dih.          LJ-14
    2.88700e+03    7.02295e+03    1.02553e+04    2.79809e+02    3.46325e+03
     Coulomb-14        LJ (SR)   Coulomb (SR)   Coul. recip.      Potential
    4.00960e+04    7.21234e+04   -7.37192e+05    8.83048e+03   -5.92233e+05
 Pressure (bar)
   -4.67616e+03

           Step           Time
            218      218.00000

   Energies (kJ/mol)
           Bond          Angle    Proper Dih. Per. Imp. Dih.          LJ-14
    3.19271e+03    6.99607e+03    1.02380e+04    2.54604e+02    3.45819e+03
     Coulomb-14        LJ (SR)   Coulomb (SR)   Coul. recip.      Potential
    4.01066e+04    7.20875e+04   -7.37511e+05    8.78748e+03   -5.92390e+05
 Pressure (bar)
   -4.70408e+03

           Step           Time
            219      219.00000

   Energies (kJ/mol)
           Bond          Angle    Proper Dih. Per. Imp. Dih.          LJ-14
    2.89259e+03    6.95368e+03    1.02347e+04    2.53753e+02    3.45832e+03
     Coulomb-14        LJ (SR)   Coulomb (SR)   Coul. recip.      Potential
    4.01035e+04    7.20925e+04   -7.37618e+05    8.77012e+03   -5.92859e+05
 Pressure (bar)
   -4.70078e+03

           Step           Time
            220      220.00000

           Step           Time
            221      221.00000

   Energies (kJ/mol)
           Bond          Angle    Proper Dih. Per. Imp. Dih.          LJ-14
    2.85106e+03    6.93149e+03    1.02313e+04    2.53062e+02    3.45645e+03
     Coulomb-14        LJ (SR)   Coulomb (SR)   Coul. recip.      Potential
    4.01082e+04    7.20750e+04   -7.37715e+05    8.75763e+03   -5.93051e+05
 Pressure (bar)
   -4.70478e+03

           Step           Time
            222      222.00000

   Energies (kJ/mol)
           Bond          Angle    Proper Dih. Per. Imp. Dih.          LJ-14
    2.93521e+03    6.91629e+03    1.02262e+04    2.52042e+02    3.45611e+03
     Coulomb-14        LJ (SR)   Coulomb (SR)   Coul. recip.      Potential
    4.01071e+04    7.20733e+04   -7.37880e+05    8.73359e+03   -5.93180e+05
 Pressure (bar)
   -4.71553e+03

           Step           Time
            223      223.00000

   Energies (kJ/mol)
           Bond          Angle    Proper Dih. Per. Imp. Dih.          LJ-14
    2.89179e+03    6.89468e+03    1.02230e+04    2.51738e+02    3.45387e+03
     Coulomb-14        LJ (SR)   Coulomb (SR)   Coul. recip.      Potential
    4.01133e+04    7.20525e+04   -7.37976e+05    8.72229e+03   -5.93372e+05
 Pressure (bar)
   -4.72040e+03

           Step           Time
            224      224.00000

   Energies (kJ/mol)
           Bond          Angle    Proper Dih. Per. Imp. Dih.          LJ-14
    3.04885e+03    6.88879e+03    1.02181e+04    2.51031e+02    3.45422e+03
     Coulomb-14        LJ (SR)   Coulomb (SR)   Coul. recip.      Potential
    4.01105e+04    7.20560e+04   -7.38139e+05    8.69816e+03   -5.93413e+05
 Pressure (bar)
   -4.73220e+03

           Step           Time
            225      225.00000

   Energies (kJ/mol)
           Bond          Angle    Proper Dih. Per. Imp. Dih.          LJ-14
    3.01683e+03    6.86876e+03    1.02152e+04    2.50942e+02    3.45145e+03
     Coulomb-14        LJ (SR)   Coulomb (SR)   Coul. recip.      Potential
    4.01186e+04    7.20304e+04   -7.38230e+05    8.68863e+03   -5.93590e+05
 Pressure (bar)
   -4.73784e+03

           Step           Time
            226      226.00000

           Step           Time
            227      227.00000

   Energies (kJ/mol)
           Bond          Angle    Proper Dih. Per. Imp. Dih.          LJ-14
    2.73527e+03    6.83132e+03    1.02125e+04    2.50585e+02    3.45155e+03
     Coulomb-14        LJ (SR)   Coulomb (SR)   Coul. recip.      Potential
    4.01163e+04    7.20338e+04   -7.38313e+05    8.67486e+03   -5.94006e+05
 Pressure (bar)
   -4.73270e+03

           Step           Time
            228      228.00000

   Energies (kJ/mol)
           Bond          Angle    Proper Dih. Per. Imp. Dih.          LJ-14
    3.09813e+03    6.80664e+03    1.02007e+04    2.49686e+02    3.44747e+03
     Coulomb-14        LJ (SR)   Coulomb (SR)   Coul. recip.      Potential
    4.01271e+04    7.19964e+04   -7.38697e+05    8.62488e+03   -5.94146e+05
 Pressure (bar)
   -4.76402e+03

           Step           Time
            229      229.00000

   Energies (kJ/mol)
           Bond          Angle    Proper Dih. Per. Imp. Dih.          LJ-14
    2.74338e+03    6.76311e+03    1.01975e+04    2.49295e+02    3.44777e+03
     Coulomb-14        LJ (SR)   Coulomb (SR)   Coul. recip.      Potential
    4.01237e+04    7.20037e+04   -7.38797e+05    8.60886e+03   -5.94660e+05
 Pressure (bar)
   -4.75921e+03

           Step           Time
            230      230.00000

           Step           Time
            231      231.00000

   Energies (kJ/mol)
           Bond          Angle    Proper Dih. Per. Imp. Dih.          LJ-14
    2.72865e+03    6.74521e+03    1.01944e+04    2.49132e+02    3.44598e+03
     Coulomb-14        LJ (SR)   Coulomb (SR)   Coul. recip.      Potential
    4.01288e+04    7.19875e+04   -7.38899e+05    8.59631e+03   -5.94823e+05
 Pressure (bar)
   -4.76382e+03

           Step           Time
            232      232.00000

   Energies (kJ/mol)
           Bond          Angle    Proper Dih. Per. Imp. Dih.          LJ-14
    2.78850e+03    6.73382e+03    1.01899e+04    2.48686e+02    3.44606e+03
     Coulomb-14        LJ (SR)   Coulomb (SR)   Coul. recip.      Potential
    4.01274e+04    7.19896e+04   -7.39046e+05    8.57550e+03   -5.94946e+05
 Pressure (bar)
   -4.77256e+03

           Step           Time
            233      233.00000

   Energies (kJ/mol)
           Bond          Angle    Proper Dih. Per. Imp. Dih.          LJ-14
    2.78379e+03    6.71720e+03    1.01870e+04    2.48594e+02    3.44387e+03
     Coulomb-14        LJ (SR)   Coulomb (SR)   Coul. recip.      Potential
    4.01339e+04    7.19703e+04   -7.39144e+05    8.56449e+03   -5.95095e+05
 Pressure (bar)
   -4.77819e+03

           Step           Time
            234      234.00000

   Energies (kJ/mol)
           Bond          Angle    Proper Dih. Per. Imp. Dih.          LJ-14
    2.90540e+03    6.71279e+03    1.01824e+04    2.48117e+02    3.44456e+03
     Coulomb-14        LJ (SR)   Coulomb (SR)   Coul. recip.      Potential
    4.01309e+04    7.19774e+04   -7.39293e+05    8.54284e+03   -5.95149e+05
 Pressure (bar)
   -4.78796e+03

           Step           Time
            235      235.00000

   Energies (kJ/mol)
           Bond          Angle    Proper Dih. Per. Imp. Dih.          LJ-14
    2.92979e+03    6.69917e+03    1.01798e+04    2.48116e+02    3.44181e+03
     Coulomb-14        LJ (SR)   Coulomb (SR)   Coul. recip.      Potential
    4.01393e+04    7.19535e+04   -7.39385e+05    8.53396e+03   -5.95260e+05
 Pressure (bar)
   -4.79476e+03

           Step           Time
            236      236.00000

           Step           Time
            237      237.00000

   Energies (kJ/mol)
           Bond          Angle    Proper Dih. Per. Imp. Dih.          LJ-14
    2.60265e+03    6.65940e+03    1.01772e+04    2.47818e+02    3.44204e+03
     Coulomb-14        LJ (SR)   Coulomb (SR)   Coul. recip.      Potential
    4.01369e+04    7.19584e+04   -7.39462e+05    8.52110e+03   -5.95717e+05
 Pressure (bar)
   -4.78792e+03

           Step           Time
            238      238.00000

   Energies (kJ/mol)
           Bond          Angle    Proper Dih. Per. Imp. Dih.          LJ-14
    3.01731e+03    6.63144e+03    1.01631e+04    2.46917e+02    3.43762e+03
     Coulomb-14        LJ (SR)   Coulomb (SR)   Coul. recip.      Potential
    4.01496e+04    7.19235e+04   -7.39935e+05    8.46112e+03   -5.95904e+05
 Pressure (bar)
   -4.82359e+03

           Step           Time
            239      239.00000

   Energies (kJ/mol)
           Bond          Angle    Proper Dih. Per. Imp. Dih.          LJ-14
    2.60178e+03    6.58487e+03    1.01600e+04    2.46566e+02    3.43804e+03
     Coulomb-14        LJ (SR)   Coulomb (SR)   Coul. recip.      Potential
    4.01462e+04    7.19329e+04   -7.40030e+05    8.44625e+03   -5.96474e+05
 Pressure (bar)
   -4.81725e+03

           Step           Time
            240      240.00000

           Step           Time
            241      241.00000

   Energies (kJ/mol)
           Bond          Angle    Proper Dih. Per. Imp. Dih.          LJ-14
    2.61276e+03    6.56961e+03    1.01569e+04    2.46410e+02    3.43626e+03
     Coulomb-14        LJ (SR)   Coulomb (SR)   Coul. recip.      Potential
    4.01515e+04    7.19183e+04   -7.40137e+05    8.43385e+03   -5.96611e+05
 Pressure (bar)
   -4.82220e+03

           Step           Time
            242      242.00000

   Energies (kJ/mol)
           Bond          Angle    Proper Dih. Per. Imp. Dih.          LJ-14
    2.64836e+03    6.55952e+03    1.01529e+04    2.46033e+02    3.43661e+03
     Coulomb-14        LJ (SR)   Coulomb (SR)   Coul. recip.      Potential
    4.01499e+04    7.19236e+04   -7.40269e+05    8.41553e+03   -5.96736e+05
 Pressure (bar)
   -4.82913e+03

           Step           Time
            243      243.00000

   Energies (kJ/mol)
           Bond          Angle    Proper Dih. Per. Imp. Dih.          LJ-14
    2.68157e+03    6.54674e+03    1.01502e+04    2.45955e+02    3.43443e+03
     Coulomb-14        LJ (SR)   Coulomb (SR)   Coul. recip.      Potential
    4.01566e+04    7.19060e+04   -7.40368e+05    8.40503e+03   -5.96842e+05
 Pressure (bar)
   -4.83542e+03

           Step           Time
            244      244.00000

   Energies (kJ/mol)
           Bond          Angle    Proper Dih. Per. Imp. Dih.          LJ-14
    2.76918e+03    6.54231e+03    1.01459e+04    2.45538e+02    3.43539e+03
     Coulomb-14        LJ (SR)   Coulomb (SR)   Coul. recip.      Potential
    4.01532e+04    7.19162e+04   -7.40507e+05    8.38546e+03   -5.96913e+05
 Pressure (bar)
   -4.84335e+03

           Step           Time
            245      245.00000

   Energies (kJ/mol)
           Bond          Angle    Proper Dih. Per. Imp. Dih.          LJ-14
    2.84988e+03    6.53423e+03    1.01437e+04    2.45558e+02    3.43262e+03
     Coulomb-14        LJ (SR)   Coulomb (SR)   Coul. recip.      Potential
    4.01620e+04    7.18939e+04   -7.40597e+05    8.37731e+03   -5.96958e+05
 Pressure (bar)
   -4.85125e+03

           Step           Time
            246      246.00000

           Step           Time
            247      247.00000

   Energies (kJ/mol)
           Bond          Angle    Proper Dih. Per. Imp. Dih.          LJ-14
    2.47285e+03    6.49112e+03    1.01411e+04    2.45289e+02    3.43296e+03
     Coulomb-14        LJ (SR)   Coulomb (SR)   Coul. recip.      Potential
    4.01593e+04    7.19004e+04   -7.40670e+05    8.36522e+03   -5.97462e+05
 Pressure (bar)
   -4.84262e+03

           Step           Time
            248      248.00000

   Energies (kJ/mol)
           Bond          Angle    Proper Dih. Per. Imp. Dih.          LJ-14
    2.93966e+03    6.45361e+03    1.01240e+04    2.44222e+02    3.42798e+03
     Coulomb-14        LJ (SR)   Coulomb (SR)   Coul. recip.      Potential
    4.01746e+04    7.18705e+04   -7.41271e+05    8.29083e+03   -5.97745e+05
 Pressure (bar)
   -4.88378e+03

           Step           Time
            249      249.00000

   Energies (kJ/mol)
           Bond          Angle    Proper Dih. Per. Imp. Dih.          LJ-14
    2.46110e+03    6.40350e+03    1.01211e+04    2.43909e+02    3.42848e+03
     Coulomb-14        LJ (SR)   Coulomb (SR)   Coul. recip.      Potential
    4.01711e+04    7.18819e+04   -7.41363e+05    8.27724e+03   -5.98375e+05
 Pressure (bar)
   -4.87619e+03

           Step           Time
            250      250.00000

           Step           Time
            251      251.00000

   Energies (kJ/mol)
           Bond          Angle    Proper Dih. Per. Imp. Dih.          LJ-14
    2.49554e+03    6.39065e+03    1.01183e+04    2.43764e+02    3.42671e+03
     Coulomb-14        LJ (SR)   Coulomb (SR)   Coul. recip.      Potential
    4.01766e+04    7.18690e+04   -7.41472e+05    8.26522e+03   -5.98486e+05
 Pressure (bar)
   -4.88125e+03

           Step           Time
            252      252.00000

   Energies (kJ/mol)
           Bond          Angle    Proper Dih. Per. Imp. Dih.          LJ-14
    2.50973e+03    6.38118e+03    1.01147e+04    2.43443e+02    3.42729e+03
     Coulomb-14        LJ (SR)   Coulomb (SR)   Coul. recip.      Potential
    4.01746e+04    7.18769e+04   -7.41593e+05    8.24899e+03   -5.98616e+05
 Pressure (bar)
   -4.88655e+03

           Step           Time
            253      253.00000

   Energies (kJ/mol)
           Bond          Angle    Proper Dih. Per. Imp. Dih.          LJ-14
    2.57795e+03    6.37192e+03    1.01123e+04    2.43386e+02    3.42509e+03
     Coulomb-14        LJ (SR)   Coulomb (SR)   Coul. recip.      Potential
    4.01816e+04    7.18613e+04   -7.41692e+05    8.23911e+03   -5.98679e+05
 Pressure (bar)
   -4.89336e+03

           Step           Time
            254      254.00000

   Energies (kJ/mol)
           Bond          Angle    Proper Dih. Per. Imp. Dih.          LJ-14
    2.63617e+03    6.36728e+03    1.01084e+04    2.43024e+02    3.42632e+03
     Coulomb-14        LJ (SR)   Coulomb (SR)   Coul. recip.      Potential
    4.01778e+04    7.18742e+04   -7.41821e+05    8.22132e+03   -5.98766e+05
 Pressure (bar)
   -4.89967e+03

           Step           Time
            255      255.00000

           Step           Time
            256      256.00000

   Energies (kJ/mol)
           Bond          Angle    Proper Dih. Per. Imp. Dih.          LJ-14
    2.35273e+03    6.33145e+03    1.01073e+04    2.43012e+02    3.42446e+03
     Coulomb-14        LJ (SR)   Coulomb (SR)   Coul. recip.      Potential
    4.01825e+04    7.18624e+04   -7.41865e+05    8.21658e+03   -5.99145e+05
 Pressure (bar)
   -4.89379e+03

           Step           Time
            257      257.00000

   Energies (kJ/mol)
           Bond          Angle    Proper Dih. Per. Imp. Dih.          LJ-14
    2.71676e+03    6.30336e+03    1.00926e+04    2.41909e+02    3.42296e+03
     Coulomb-14        LJ (SR)   Coulomb (SR)   Coul. recip.      Potential
    4.01876e+04    7.18666e+04   -7.42402e+05    8.14949e+03   -5.99421e+05
 Pressure (bar)
   -4.92578e+03

           Step           Time
            258      258.00000

   Energies (kJ/mol)
           Bond          Angle    Proper Dih. Per. Imp. Dih.          LJ-14
    2.32963e+03    6.25809e+03    1.00917e+04    2.41953e+02    3.42039e+03
     Coulomb-14        LJ (SR)   Coulomb (SR)   Coul. recip.      Potential
    4.01942e+04    7.18513e+04   -7.42450e+05    8.14575e+03   -5.99917e+05
 Pressure (bar)
   -4.91982e+03

           Step           Time
            259      259.00000

           Step           Time
            260      260.00000

   Energies (kJ/mol)
           Bond          Angle    Proper Dih. Per. Imp. Dih.          LJ-14
    2.37571e+03    6.24889e+03    1.00880e+04    2.41651e+02    3.42066e+03
     Coulomb-14        LJ (SR)   Coulomb (SR)   Coul. recip.      Potential
    4.01935e+04    7.18573e+04   -7.42585e+05    8.12845e+03   -6.00031e+05
 Pressure (bar)
   -4.92527e+03

           Step           Time
            261      261.00000

   Energies (kJ/mol)
           Bond          Angle    Proper Dih. Per. Imp. Dih.          LJ-14
    2.35351e+03    6.23439e+03    1.00862e+04    2.41598e+02    3.41887e+03
     Coulomb-14        LJ (SR)   Coulomb (SR)   Coul. recip.      Potential
    4.01988e+04    7.18470e+04   -7.42669e+05    8.12006e+03   -6.00169e+05
 Pressure (bar)
   -4.92920e+03

           Step           Time
            262      262.00000

   Energies (kJ/mol)
           Bond          Angle    Proper Dih. Per. Imp. Dih.          LJ-14
    2.44201e+03    6.23076e+03    1.00824e+04    2.41287e+02    3.41965e+03
     Coulomb-14        LJ (SR)   Coulomb (SR)   Coul. recip.      Potential
    4.01968e+04    7.18570e+04   -7.42804e+05    8.10258e+03   -6.00231e+05
 Pressure (bar)
   -4.93617e+03

           Step           Time
            263      263.00000

   Energies (kJ/mol)
           Bond          Angle    Proper Dih. Per. Imp. Dih.          LJ-14
    2.42904e+03    6.21629e+03    1.00809e+04    2.41282e+02    3.41733e+03
     Coulomb-14        LJ (SR)   Coulomb (SR)   Coul. recip.      Potential
    4.02036e+04    7.18431e+04   -7.42884e+05    8.09539e+03   -6.00357e+05
 Pressure (bar)
   -4.94029e+03

           Step           Time
            264      264.00000

           Step           Time
            265      265.00000

   Energies (kJ/mol)
           Bond          Angle    Proper Dih. Per. Imp. Dih.          LJ-14
    2.25505e+03    6.19390e+03    1.00787e+04    2.41095e+02    3.41777e+03
     Coulomb-14        LJ (SR)   Coulomb (SR)   Coul. recip.      Potential
    4.02018e+04    7.18496e+04   -7.42952e+05    8.08547e+03   -6.00629e+05
 Pressure (bar)
   -4.93724e+03

           Step           Time
            266      266.00000

   Energies (kJ/mol)
           Bond          Angle    Proper Dih. Per. Imp. Dih.          LJ-14
    2.47704e+03    6.17133e+03    1.00707e+04    2.40627e+02    3.41473e+03
     Coulomb-14        LJ (SR)   Coulomb (SR)   Coul. recip.      Potential
    4.02116e+04    7.18406e+04   -7.43299e+05    8.04631e+03   -6.00826e+05
 Pressure (bar)
   -4.95815e+03

           Step           Time
            267      267.00000

   Energies (kJ/mol)
           Bond          Angle    Proper Dih. Per. Imp. Dih.          LJ-14
    2.25442e+03    6.14482e+03    1.00680e+04    2.40405e+02    3.41543e+03
     Coulomb-14        LJ (SR)   Coulomb (SR)   Coul. recip.      Potential
    4.02089e+04    7.18507e+04   -7.43382e+05    8.03477e+03   -6.01165e+05
 Pressure (bar)
   -4.95536e+03

           Step           Time
            268      268.00000

           Step           Time
            269      269.00000

   Energies (kJ/mol)
           Bond          Angle    Proper Dih. Per. Imp. Dih.          LJ-14
    2.24777e+03    6.13152e+03    1.00662e+04    2.40308e+02    3.41398e+03
     Coulomb-14        LJ (SR)   Coulomb (SR)   Coul. recip.      Potential
    4.02132e+04    7.18440e+04   -7.43472e+05    8.02517e+03   -6.01290e+05
 Pressure (bar)
   -4.95864e+03

           Step           Time
            270      270.00000

   Energies (kJ/mol)
           Bond          Angle    Proper Dih. Per. Imp. Dih.          LJ-14
    2.28071e+03    6.12380e+03    1.00629e+04    2.40052e+02    3.41442e+03
     Coulomb-14        LJ (SR)   Coulomb (SR)   Coul. recip.      Potential
    4.02121e+04    7.18523e+04   -7.43594e+05    8.01009e+03   -6.01397e+05
 Pressure (bar)
   -4.96420e+03

           Step           Time
            271      271.00000

   Energies (kJ/mol)
           Bond          Angle    Proper Dih. Per. Imp. Dih.          LJ-14
    2.28188e+03    6.11097e+03    1.00614e+04    2.40002e+02    3.41257e+03
     Coulomb-14        LJ (SR)   Coulomb (SR)   Coul. recip.      Potential
    4.02176e+04    7.18431e+04   -7.43680e+05    8.00160e+03   -6.01511e+05
 Pressure (bar)
   -4.96811e+03

           Step           Time
            272      272.00000

   Energies (kJ/mol)
           Bond          Angle    Proper Dih. Per. Imp. Dih.          LJ-14
    2.35250e+03    6.10783e+03    1.00579e+04    2.39726e+02    3.41355e+03
     Coulomb-14        LJ (SR)   Coulomb (SR)   Coul. recip.      Potential
    4.02151e+04    7.18552e+04   -7.43805e+05    7.98583e+03   -6.01577e+05
 Pressure (bar)
   -4.97436e+03

           Step           Time
            273      273.00000

   Energies (kJ/mol)
           Bond          Angle    Proper Dih. Per. Imp. Dih.          LJ-14
    2.37433e+03    6.09646e+03    1.00568e+04    2.39730e+02    3.41114e+03
     Coulomb-14        LJ (SR)   Coulomb (SR)   Coul. recip.      Potential
    4.02222e+04    7.18422e+04   -7.43885e+05    7.97886e+03   -6.01664e+05
 Pressure (bar)
   -4.97904e+03

           Step           Time
            274      274.00000

           Step           Time
            275      275.00000

   Energies (kJ/mol)
           Bond          Angle    Proper Dih. Per. Imp. Dih.          LJ-14
    2.16410e+03    6.07153e+03    1.00547e+04    2.39557e+02    3.41167e+03
     Coulomb-14        LJ (SR)   Coulomb (SR)   Coul. recip.      Potential
    4.02201e+04    7.18496e+04   -7.43950e+05    7.96956e+03   -6.01969e+05
 Pressure (bar)
   -4.97477e+03

           Step           Time
            276      276.00000

   Energies (kJ/mol)
           Bond          Angle    Proper Dih. Per. Imp. Dih.          LJ-14
    2.42828e+03    6.04415e+03    1.00454e+04    2.39015e+02    3.40819e+03
     Coulomb-14        LJ (SR)   Coulomb (SR)   Coul. recip.      Potential
    4.02313e+04    7.18468e+04   -7.44382e+05    7.92154e+03   -6.02217e+05
 Pressure (bar)
   -4.99929e+03

           Step           Time
            277      277.00000

   Energies (kJ/mol)
           Bond          Angle    Proper Dih. Per. Imp. Dih.          LJ-14
    2.15808e+03    6.01455e+03    1.00429e+04    2.38810e+02    3.40899e+03
     Coulomb-14        LJ (SR)   Coulomb (SR)   Coul. recip.      Potential
    4.02284e+04    7.18582e+04   -7.44462e+05    7.91082e+03   -6.02601e+05
 Pressure (bar)
   -4.99533e+03

           Step           Time
            278      278.00000

           Step           Time
            279      279.00000

   Energies (kJ/mol)
           Bond          Angle    Proper Dih. Per. Imp. Dih.          LJ-14
    2.16733e+03    6.00256e+03    1.00412e+04    2.38723e+02    3.40748e+03
     Coulomb-14        LJ (SR)   Coulomb (SR)   Coul. recip.      Potential
    4.02329e+04    7.18526e+04   -7.44555e+05    7.90111e+03   -6.02711e+05
 Pressure (bar)
   -4.99879e+03

           Step           Time
            280      280.00000

   Energies (kJ/mol)
           Bond          Angle    Proper Dih. Per. Imp. Dih.          LJ-14
    2.18709e+03    5.99565e+03    1.00383e+04    2.38507e+02    3.40810e+03
     Coulomb-14        LJ (SR)   Coulomb (SR)   Coul. recip.      Potential
    4.02315e+04    7.18626e+04   -7.44667e+05    7.88767e+03   -6.02817e+05
 Pressure (bar)
   -5.00329e+03

           Step           Time
            281      281.00000

   Energies (kJ/mol)
           Bond          Angle    Proper Dih. Per. Imp. Dih.          LJ-14
    2.21222e+03    5.98504e+03    1.00370e+04    2.38473e+02    3.40618e+03
     Coulomb-14        LJ (SR)   Coulomb (SR)   Coul. recip.      Potential
    4.02371e+04    7.18545e+04   -7.44754e+05    7.87938e+03   -6.02904e+05
 Pressure (bar)
   -5.00764e+03

           Step           Time
            282      282.00000

   Energies (kJ/mol)
           Bond          Angle    Proper Dih. Per. Imp. Dih.          LJ-14
    2.26514e+03    5.98209e+03    1.00338e+04    2.38234e+02    3.40738e+03
     Coulomb-14        LJ (SR)   Coulomb (SR)   Coul. recip.      Potential
    4.02343e+04    7.18683e+04   -7.44871e+05    7.86496e+03   -6.02977e+05
 Pressure (bar)
   -5.01284e+03

           Step           Time
            283      283.00000

   Energies (kJ/mol)
           Bond          Angle    Proper Dih. Per. Imp. Dih.          LJ-14
    2.32334e+03    5.97425e+03    1.00331e+04    2.38262e+02    3.40484e+03
     Coulomb-14        LJ (SR)   Coulomb (SR)   Coul. recip.      Potential
    4.02414e+04    7.18564e+04   -7.44951e+05    7.85833e+03   -6.03021e+05
 Pressure (bar)
   -5.01828e+03

           Step           Time
            284      284.00000

   Energies (kJ/mol)
           Bond          Angle    Proper Dih. Per. Imp. Dih.          LJ-14
    2.44413e+03    5.97941e+03    1.00294e+04    2.37994e+02    3.40694e+03
     Coulomb-14        LJ (SR)   Coulomb (SR)   Coul. recip.      Potential
    4.02366e+04    7.18756e+04   -7.45075e+05    7.84272e+03   -6.03022e+05
 Pressure (bar)
   -5.02524e+03

           Step           Time
            285      285.00000

           Step           Time
            286      286.00000

   Energies (kJ/mol)
           Bond          Angle    Proper Dih. Per. Imp. Dih.          LJ-14
    2.06407e+03    5.93470e+03    1.00291e+04    2.38010e+02    3.40464e+03
     Coulomb-14        LJ (SR)   Coulomb (SR)   Coul. recip.      Potential
    4.02416e+04    7.18648e+04   -7.45109e+05    7.83914e+03   -6.03493e+05
 Pressure (bar)
   -5.01591e+03

           Step           Time
            287      287.00000

   Energies (kJ/mol)
           Bond          Angle    Proper Dih. Per. Imp. Dih.          LJ-14
    2.57306e+03    5.91637e+03    1.00151e+04    2.37053e+02    3.40374e+03
     Coulomb-14        LJ (SR)   Coulomb (SR)   Coul. recip.      Potential
    4.02469e+04    7.18981e+04   -7.45740e+05    7.76702e+03   -6.03683e+05
 Pressure (bar)
   -5.05101e+03

           Step           Time
            288      288.00000

   Energies (kJ/mol)
           Bond          Angle    Proper Dih. Per. Imp. Dih.          LJ-14
    2.04890e+03    5.86033e+03    1.00152e+04    2.37163e+02    3.40057e+03
     Coulomb-14        LJ (SR)   Coulomb (SR)   Coul. recip.      Potential
    4.02541e+04    7.18834e+04   -7.45778e+05    7.76495e+03   -6.04314e+05
 Pressure (bar)
   -5.04188e+03

           Step           Time
            289      289.00000

           Step           Time
            290      290.00000

   Energies (kJ/mol)
           Bond          Angle    Proper Dih. Per. Imp. Dih.          LJ-14
    2.12766e+03    5.85730e+03    1.00121e+04    2.36954e+02    3.40134e+03
     Coulomb-14        LJ (SR)   Coulomb (SR)   Coul. recip.      Potential
    4.02529e+04    7.18952e+04   -7.45908e+05    7.74990e+03   -6.04375e+05
 Pressure (bar)
   -5.04684e+03

           Step           Time
            291      291.00000

   Energies (kJ/mol)
           Bond          Angle    Proper Dih. Per. Imp. Dih.          LJ-14
    2.08848e+03    5.84338e+03    1.00115e+04    2.36981e+02    3.39932e+03
     Coulomb-14        LJ (SR)   Coulomb (SR)   Coul. recip.      Potential
    4.02583e+04    7.18876e+04   -7.45977e+05    7.74404e+03   -6.04508e+05
 Pressure (bar)
   -5.04889e+03

           Step           Time
            292      292.00000

           Step           Time
            293      293.00000

   Energies (kJ/mol)
           Bond          Angle    Proper Dih. Per. Imp. Dih.          LJ-14
    1.99591e+03    5.82995e+03    1.00097e+04    2.36865e+02    3.39983e+03
     Coulomb-14        LJ (SR)   Coulomb (SR)   Coul. recip.      Potential
    4.02569e+04    7.18949e+04   -7.46041e+05    7.73599e+03   -6.04681e+05
 Pressure (bar)
   -5.04771e+03

           Step           Time
            294      294.00000

   Energies (kJ/mol)
           Bond          Angle    Proper Dih. Per. Imp. Dih.          LJ-14
    2.11774e+03    5.81500e+03    1.00057e+04    2.36705e+02    3.39765e+03
     Coulomb-14        LJ (SR)   Coulomb (SR)   Coul. recip.      Potential
    4.02637e+04    7.18972e+04   -7.46274e+05    7.71206e+03   -6.04828e+05
 Pressure (bar)
   -5.05923e+03

           Step           Time
            295      295.00000

   Energies (kJ/mol)
           Bond          Angle    Proper Dih. Per. Imp. Dih.          LJ-14
    1.99994e+03    5.79937e+03    1.00035e+04    2.36569e+02    3.39847e+03
     Coulomb-14        LJ (SR)   Coulomb (SR)   Coul. recip.      Potential
    4.02616e+04    7.19076e+04   -7.46350e+05    7.70260e+03   -6.05040e+05
 Pressure (bar)
   -5.05841e+03

           Step           Time
            296      296.00000

           Step           Time
            297      297.00000

   Energies (kJ/mol)
           Bond          Angle    Proper Dih. Per. Imp. Dih.          LJ-14
    1.98119e+03    5.78816e+03    1.00025e+04    2.36537e+02    3.39724e+03
     Coulomb-14        LJ (SR)   Coulomb (SR)   Coul. recip.      Potential
    4.02649e+04    7.19055e+04   -7.46422e+05    7.69541e+03   -6.05151e+05
 Pressure (bar)
   -5.06031e+03

           Step           Time
            298      298.00000

   Energies (kJ/mol)
           Bond          Angle    Proper Dih. Per. Imp. Dih.          LJ-14
    2.01707e+03    5.78170e+03    9.99974e+03    2.36380e+02    3.39766e+03
     Coulomb-14        LJ (SR)   Coulomb (SR)   Coul. recip.      Potential
    4.02644e+04    7.19164e+04   -7.46543e+05    7.68184e+03   -6.05248e+05
 Pressure (bar)
   -5.06529e+03

           Step           Time
            299      299.00000

   Energies (kJ/mol)
           Bond          Angle    Proper Dih. Per. Imp. Dih.          LJ-14
    1.99686e+03    5.76976e+03    9.99900e+03    2.36375e+02    3.39606e+03
     Coulomb-14        LJ (SR)   Coulomb (SR)   Coul. recip.      Potential
    4.02686e+04    7.19123e+04   -7.46615e+05    7.67511e+03   -6.05361e+05
 Pressure (bar)
   -5.06751e+03

           Step           Time
            300      300.00000

   Energies (kJ/mol)
           Bond          Angle    Proper Dih. Per. Imp. Dih.          LJ-14
    2.06490e+03    5.76768e+03    9.99606e+03    2.36207e+02    3.39700e+03
     Coulomb-14        LJ (SR)   Coulomb (SR)   Coul. recip.      Potential
    4.02670e+04    7.19257e+04   -7.46734e+05    7.66151e+03   -6.05418e+05
 Pressure (bar)
   -5.07296e+03

           Step           Time
            301      301.00000

   Energies (kJ/mol)
           Bond          Angle    Proper Dih. Per. Imp. Dih.          LJ-14
    2.04878e+03    5.75534e+03    9.99569e+03    2.36239e+02    3.39486e+03
     Coulomb-14        LJ (SR)   Coulomb (SR)   Coul. recip.      Potential
    4.02725e+04    7.19187e+04   -7.46804e+05    7.65561e+03   -6.05526e+05
 Pressure (bar)
   -5.07546e+03

           Step           Time
            302      302.00000

           Step           Time
            303      303.00000

   Energies (kJ/mol)
           Bond          Angle    Proper Dih. Per. Imp. Dih.          LJ-14
    1.93090e+03    5.74022e+03    9.99394e+03    2.36134e+02    3.39545e+03
     Coulomb-14        LJ (SR)   Coulomb (SR)   Coul. recip.      Potential
    4.02710e+04    7.19266e+04   -7.46863e+05    7.64806e+03   -6.05721e+05
 Pressure (bar)
   -5.07356e+03

           Step           Time
            304      304.00000

   Energies (kJ/mol)
           Bond          Angle    Proper Dih. Per. Imp. Dih.          LJ-14
    2.08449e+03    5.72358e+03    9.98955e+03    2.35972e+02    3.39299e+03
     Coulomb-14        LJ (SR)   Coulomb (SR)   Coul. recip.      Potential
    4.02785e+04    7.19337e+04   -7.47145e+05    7.61938e+03   -6.05887e+05
 Pressure (bar)
   -5.08756e+03

           Step           Time
            305      305.00000

   Energies (kJ/mol)
           Bond          Angle    Proper Dih. Per. Imp. Dih.          LJ-14
    1.93301e+03    5.70567e+03    9.98737e+03    2.35845e+02    3.39391e+03
     Coulomb-14        LJ (SR)   Coulomb (SR)   Coul. recip.      Potential
    4.02762e+04    7.19447e+04   -7.47217e+05    7.61056e+03   -6.06130e+05
 Pressure (bar)
   -5.08577e+03

           Step           Time
            306      306.00000

           Step           Time
            307      307.00000

   Energies (kJ/mol)
           Bond          Angle    Proper Dih. Per. Imp. Dih.          LJ-14
    1.92468e+03    5.69515e+03    9.98649e+03    2.35824e+02    3.39261e+03
     Coulomb-14        LJ (SR)   Coulomb (SR)   Coul. recip.      Potential
    4.02796e+04    7.19433e+04   -7.47294e+05    7.60310e+03   -6.06233e+05
 Pressure (bar)
   -5.08791e+03

           Step           Time
            308      308.00000

   Energies (kJ/mol)
           Bond          Angle    Proper Dih. Per. Imp. Dih.          LJ-14
    1.95288e+03    5.68980e+03    9.98400e+03    2.35692e+02    3.39320e+03
     Coulomb-14        LJ (SR)   Coulomb (SR)   Coul. recip.      Potential
    4.02788e+04    7.19547e+04   -7.47402e+05    7.59116e+03   -6.06322e+05
 Pressure (bar)
   -5.09212e+03

           Step           Time
            309      309.00000

   Energies (kJ/mol)
           Bond          Angle    Proper Dih. Per. Imp. Dih.          LJ-14
    1.94835e+03    5.67919e+03    9.98343e+03    2.35703e+02    3.39150e+03
     Coulomb-14        LJ (SR)   Coulomb (SR)   Coul. recip.      Potential
    4.02831e+04    7.19512e+04   -7.47476e+05    7.58442e+03   -6.06419e+05
 Pressure (bar)
   -5.09470e+03

           Step           Time
            310      310.00000

   Energies (kJ/mol)
           Bond          Angle    Proper Dih. Per. Imp. Dih.          LJ-14
    2.00623e+03    5.67768e+03    9.98069e+03    2.35556e+02    3.39262e+03
     Coulomb-14        LJ (SR)   Coulomb (SR)   Coul. recip.      Potential
    4.02812e+04    7.19655e+04   -7.47586e+05    7.57206e+03   -6.06475e+05
 Pressure (bar)
   -5.09945e+03

           Step           Time
            311      311.00000

   Energies (kJ/mol)
           Bond          Angle    Proper Dih. Per. Imp. Dih.          LJ-14
    2.01405e+03    5.66755e+03    9.98057e+03    2.35607e+02    3.39036e+03
     Coulomb-14        LJ (SR)   Coulomb (SR)   Coul. recip.      Potential
    4.02868e+04    7.19588e+04   -7.47656e+05    7.56631e+03   -6.06556e+05
 Pressure (bar)
   -5.10253e+03

           Step           Time
            312      312.00000

           Step           Time
            313      313.00000

   Energies (kJ/mol)
           Bond          Angle    Proper Dih. Per. Imp. Dih.          LJ-14
    1.86717e+03    5.65028e+03    9.97885e+03    2.35508e+02    3.39104e+03
     Coulomb-14        LJ (SR)   Coulomb (SR)   Coul. recip.      Potential
    4.02851e+04    7.19671e+04   -7.47713e+05    7.55919e+03   -6.06779e+05
 Pressure (bar)
   -5.09961e+03

           Step           Time
            314      314.00000

   Energies (kJ/mol)
           Bond          Angle    Proper Dih. Per. Imp. Dih.          LJ-14
    2.05679e+03    5.63142e+03    9.97390e+03    2.35355e+02    3.38827e+03
     Coulomb-14        LJ (SR)   Coulomb (SR)   Coul. recip.      Potential
    4.02936e+04    7.19802e+04   -7.48057e+05    7.52450e+03   -6.06973e+05
 Pressure (bar)
   -5.11617e+03

           Step           Time
            315      315.00000

   Energies (kJ/mol)
           Bond          Angle    Proper Dih. Per. Imp. Dih.          LJ-14
    1.86661e+03    5.61082e+03    9.97173e+03    2.35240e+02    3.38928e+03
     Coulomb-14        LJ (SR)   Coulomb (SR)   Coul. recip.      Potential
    4.02912e+04    7.19918e+04   -7.48127e+05    7.51624e+03   -6.07254e+05
 Pressure (bar)
   -5.11341e+03

           Step           Time
            316      316.00000

           Step           Time
            317      317.00000

   Energies (kJ/mol)
           Bond          Angle    Proper Dih. Per. Imp. Dih.          LJ-14
    1.86973e+03    5.60121e+03    9.97100e+03    2.35230e+02    3.38791e+03
     Coulomb-14        LJ (SR)   Coulomb (SR)   Coul. recip.      Potential
    4.02947e+04    7.19911e+04   -7.48207e+05    7.50860e+03   -6.07348e+05
 Pressure (bar)
   -5.11577e+03

           Step           Time
            318      318.00000

   Energies (kJ/mol)
           Bond          Angle    Proper Dih. Per. Imp. Dih.          LJ-14
    1.88932e+03    5.59653e+03    9.96873e+03    2.35119e+02    3.38865e+03
     Coulomb-14        LJ (SR)   Coulomb (SR)   Coul. recip.      Potential
    4.02936e+04    7.20030e+04   -7.48306e+05    7.49795e+03   -6.07433e+05
 Pressure (bar)
   -5.11933e+03

           Step           Time
            319      319.00000

   Energies (kJ/mol)
           Bond          Angle    Proper Dih. Per. Imp. Dih.          LJ-14
    1.90227e+03    5.58753e+03    9.96838e+03    2.35143e+02    3.38687e+03
     Coulomb-14        LJ (SR)   Coulomb (SR)   Coul. recip.      Potential
    4.02980e+04    7.20001e+04   -7.48382e+05    7.49119e+03   -6.07512e+05
 Pressure (bar)
   -5.12228e+03

           Step           Time
            320      320.00000

   Energies (kJ/mol)
           Bond          Angle    Proper Dih. Per. Imp. Dih.          LJ-14
    1.94899e+03    5.58627e+03    9.96577e+03    2.35014e+02    3.38818e+03
     Coulomb-14        LJ (SR)   Coulomb (SR)   Coul. recip.      Potential
    4.02958e+04    7.20151e+04   -7.48485e+05    7.47991e+03   -6.07570e+05
 Pressure (bar)
   -5.12642e+03

           Step           Time
            321      321.00000

   Energies (kJ/mol)
           Bond          Angle    Proper Dih. Per. Imp. Dih.          LJ-14
    1.98380e+03    5.57878e+03    9.96594e+03    2.35083e+02    3.38578e+03
     Coulomb-14        LJ (SR)   Coulomb (SR)   Coul. recip.      Potential
    4.03015e+04    7.20088e+04   -7.48554e+05    7.47433e+03   -6.07620e+05
 Pressure (bar)
   -5.13010e+03

           Step           Time
            322      322.00000

   Energies (kJ/mol)
           Bond          Angle    Proper Dih. Per. Imp. Dih.          LJ-14
    2.08469e+03    5.58419e+03    9.96283e+03    2.34930e+02    3.38794e+03
     Coulomb-14        LJ (SR)   Coulomb (SR)   Coul. recip.      Potential
    4.02976e+04    7.20281e+04   -7.48663e+05    7.46230e+03   -6.07621e+05
 Pressure (bar)
   -5.13567e+03

           Step           Time
            323      323.00000

           Step           Time
            324      324.00000

   Energies (kJ/mol)
           Bond          Angle    Proper Dih. Per. Imp. Dih.          LJ-14
    1.79571e+03    5.54982e+03    9.96305e+03    2.34966e+02    3.38586e+03
     Coulomb-14        LJ (SR)   Coulomb (SR)   Coul. recip.      Potential
    4.03017e+04    7.20212e+04   -7.48694e+05    7.45923e+03   -6.07982e+05
 Pressure (bar)
   -5.12848e+03

           Step           Time
            325      325.00000

   Energies (kJ/mol)
           Bond          Angle    Proper Dih. Per. Imp. Dih.          LJ-14
    2.18333e+03    5.53003e+03    9.95268e+03    2.34478e+02    3.38524e+03
     Coulomb-14        LJ (SR)   Coulomb (SR)   Coul. recip.      Potential
    4.03068e+04    7.20741e+04   -7.49314e+05    7.39505e+03   -6.08253e+05
 Pressure (bar)
   -5.15662e+03

           Step           Time
            326      326.00000

   Energies (kJ/mol)
           Bond          Angle    Proper Dih. Per. Imp. Dih.          LJ-14
    1.77947e+03    5.48637e+03    9.95336e+03    2.34594e+02    3.38235e+03
     Coulomb-14        LJ (SR)   Coulomb (SR)   Coul. recip.      Potential
    4.03127e+04    7.20642e+04   -7.49348e+05    7.39309e+03   -6.08742e+05
 Pressure (bar)
   -5.14972e+03

           Step           Time
            327      327.00000

           Step           Time
            328      328.00000

   Energies (kJ/mol)
           Bond          Angle    Proper Dih. Per. Imp. Dih.          LJ-14
    1.84526e+03    5.48471e+03    9.95097e+03    2.34489e+02    3.38322e+03
     Coulomb-14        LJ (SR)   Coulomb (SR)   Coul. recip.      Potential
    4.03117e+04    7.20780e+04   -7.49466e+05    7.38104e+03   -6.08796e+05
 Pressure (bar)
   -5.15375e+03

           Step           Time
            329      329.00000

   Energies (kJ/mol)
           Bond          Angle    Proper Dih. Per. Imp. Dih.          LJ-14
    1.80869e+03    5.47314e+03    9.95107e+03    2.34544e+02    3.38134e+03
     Coulomb-14        LJ (SR)   Coulomb (SR)   Coul. recip.      Potential
    4.03160e+04    7.20744e+04   -7.49525e+05    7.37615e+03   -6.08910e+05
 Pressure (bar)
   -5.15487e+03

           Step           Time
            330      330.00000

           Step           Time
            331      331.00000

   Energies (kJ/mol)
           Bond          Angle    Proper Dih. Per. Imp. Dih.          LJ-14
    1.74285e+03    5.46353e+03    9.94964e+03    2.34478e+02    3.38194e+03
     Coulomb-14        LJ (SR)   Coulomb (SR)   Coul. recip.      Potential
    4.03150e+04    7.20823e+04   -7.49582e+05    7.36983e+03   -6.09043e+05
 Pressure (bar)
   -5.15413e+03

           Step           Time
            332      332.00000

   Energies (kJ/mol)
           Bond          Angle    Proper Dih. Per. Imp. Dih.          LJ-14
    1.83211e+03    5.45304e+03    9.94776e+03    2.34458e+02    3.38009e+03
     Coulomb-14        LJ (SR)   Coulomb (SR)   Coul. recip.      Potential
    4.03201e+04    7.20910e+04   -7.49771e+05    7.35199e+03   -6.09161e+05
 Pressure (bar)
   -5.16221e+03

           Step           Time
            333      333.00000

   Energies (kJ/mol)
           Bond          Angle    Proper Dih. Per. Imp. Dih.          LJ-14
    1.74880e+03    5.44190e+03    9.94596e+03    2.34375e+02    3.38101e+03
     Coulomb-14        LJ (SR)   Coulomb (SR)   Coul. recip.      Potential
    4.03185e+04    7.21016e+04   -7.49838e+05    7.34462e+03   -6.09322e+05
 Pressure (bar)
   -5.16175e+03

           Step           Time
            334      334.00000

           Step           Time
            335      335.00000

   Energies (kJ/mol)
           Bond          Angle    Proper Dih. Per. Imp. Dih.          LJ-14
    1.73094e+03    5.43308e+03    9.94561e+03    2.34381e+02    3.37990e+03
     Coulomb-14        LJ (SR)   Coulomb (SR)   Coul. recip.      Potential
    4.03211e+04    7.21024e+04   -7.49900e+05    7.33891e+03   -6.09414e+05
 Pressure (bar)
   -5.16300e+03

           Step           Time
            336      336.00000

   Energies (kJ/mol)
           Bond          Angle    Proper Dih. Per. Imp. Dih.          LJ-14
    1.76331e+03    5.42840e+03    9.94352e+03    2.34291e+02    3.38043e+03
     Coulomb-14        LJ (SR)   Coulomb (SR)   Coul. recip.      Potential
    4.03207e+04    7.21152e+04   -7.50011e+05    7.32771e+03   -6.09498e+05
 Pressure (bar)
   -5.16704e+03

           Step           Time
            337      337.00000

   Energies (kJ/mol)
           Bond          Angle    Proper Dih. Per. Imp. Dih.          LJ-14
    1.74241e+03    5.41869e+03    9.94343e+03    2.34315e+02    3.37895e+03
     Coulomb-14        LJ (SR)   Coulomb (SR)   Coul. recip.      Potential
    4.03241e+04    7.21144e+04   -7.50073e+05    7.32223e+03   -6.09595e+05
 Pressure (bar)
   -5.16845e+03

           Step           Time
            338      338.00000

   Energies (kJ/mol)
           Bond          Angle    Proper Dih. Per. Imp. Dih.          LJ-14
    1.80214e+03    5.41784e+03    9.94115e+03    2.34215e+02    3.37996e+03
     Coulomb-14        LJ (SR)   Coulomb (SR)   Coul. recip.      Potential
    4.03228e+04    7.21290e+04   -7.50181e+05    7.31130e+03   -6.09643e+05
 Pressure (bar)
   -5.17291e+03

           Step           Time
            339      339.00000

   Energies (kJ/mol)
           Bond          Angle    Proper Dih. Per. Imp. Dih.          LJ-14
    1.78158e+03    5.40742e+03    9.94143e+03    2.34265e+02    3.37795e+03
     Coulomb-14        LJ (SR)   Coulomb (SR)   Coul. recip.      Potential
    4.03272e+04    7.21259e+04   -7.50242e+05    7.30631e+03   -6.09740e+05
 Pressure (bar)
   -5.17449e+03

           Step           Time
            340      340.00000

           Step           Time
            341      341.00000

   Energies (kJ/mol)
           Bond          Angle    Proper Dih. Per. Imp. Dih.          LJ-14
    1.69577e+03    5.39638e+03    9.94001e+03    2.34196e+02    3.37862e+03
     Coulomb-14        LJ (SR)   Coulomb (SR)   Coul. recip.      Potential
    4.03261e+04    7.21341e+04   -7.50295e+05    7.30036e+03   -6.09890e+05
 Pressure (bar)
   -5.17317e+03

           Step           Time
            342      342.00000

   Energies (kJ/mol)
           Bond          Angle    Proper Dih. Per. Imp. Dih.          LJ-14
    1.81119e+03    5.38539e+03    9.93796e+03    2.34158e+02    3.37657e+03
     Coulomb-14        LJ (SR)   Coulomb (SR)   Coul. recip.      Potential
    4.03317e+04    7.21472e+04   -7.50520e+05    7.27928e+03   -6.10017e+05
 Pressure (bar)
   -5.18301e+03

           Step           Time
            343      343.00000

   Energies (kJ/mol)
           Bond          Angle    Proper Dih. Per. Imp. Dih.          LJ-14
    1.70120e+03    5.37238e+03    9.93613e+03    2.34072e+02    3.37760e+03
     Coulomb-14        LJ (SR)   Coulomb (SR)   Coul. recip.      Potential
    4.03299e+04    7.21582e+04   -7.50585e+05    7.27235e+03   -6.10203e+05
 Pressure (bar)
   -5.18181e+03

           Step           Time
            344      344.00000

           Step           Time
            345      345.00000

   Energies (kJ/mol)
           Bond          Angle    Proper Dih. Per. Imp. Dih.          LJ-14
    1.69065e+03    5.36403e+03    9.93587e+03    2.34076e+02    3.37642e+03
     Coulomb-14        LJ (SR)   Coulomb (SR)   Coul. recip.      Potential
    4.03326e+04    7.21596e+04   -7.50650e+05    7.26642e+03   -6.10291e+05
 Pressure (bar)
   -5.18323e+03

           Step           Time
            346      346.00000

   Energies (kJ/mol)
           Bond          Angle    Proper Dih. Per. Imp. Dih.          LJ-14
    1.71837e+03    5.36028e+03    9.93396e+03    2.33987e+02    3.37708e+03
     Coulomb-14        LJ (SR)   Coulomb (SR)   Coul. recip.      Potential
    4.03321e+04    7.21723e+04   -7.50750e+05    7.25653e+03   -6.10366e+05
 Pressure (bar)
   -5.18675e+03

           Step           Time
            347      347.00000

   Energies (kJ/mol)
           Bond          Angle    Proper Dih. Per. Imp. Dih.          LJ-14
    1.70857e+03    5.35152e+03    9.93399e+03    2.34014e+02    3.37551e+03
     Coulomb-14        LJ (SR)   Coulomb (SR)   Coul. recip.      Potential
    4.03355e+04    7.21721e+04   -7.50814e+05    7.25099e+03   -6.10452e+05
 Pressure (bar)
   -5.18844e+03

           Step           Time
            348      348.00000

   Energies (kJ/mol)
           Bond          Angle    Proper Dih. Per. Imp. Dih.          LJ-14
    1.76248e+03    5.35119e+03    9.93179e+03    2.33910e+02    3.37669e+03
     Coulomb-14        LJ (SR)   Coulomb (SR)   Coul. recip.      Potential
    4.03340e+04    7.21870e+04   -7.50914e+05    7.24101e+03   -6.10496e+05
 Pressure (bar)
   -5.19244e+03

           Step           Time
            349      349.00000

   Energies (kJ/mol)
           Bond          Angle    Proper Dih. Per. Imp. Dih.          LJ-14
    1.75910e+03    5.34239e+03    9.93226e+03    2.33966e+02    3.37455e+03
     Coulomb-14        LJ (SR)   Coulomb (SR)   Coul. recip.      Potential
    4.03385e+04    7.21842e+04   -7.50975e+05    7.23605e+03   -6.10574e+05
 Pressure (bar)
   -5.19442e+03

           Step           Time
            350      350.00000

           Step           Time
            351      351.00000

   Energies (kJ/mol)
           Bond          Angle    Proper Dih. Per. Imp. Dih.          LJ-14
    1.64984e+03    5.32952e+03    9.93083e+03    2.33893e+02    3.37530e+03
     Coulomb-14        LJ (SR)   Coulomb (SR)   Coul. recip.      Potential
    4.03372e+04    7.21926e+04   -7.51027e+05    7.23041e+03   -6.10747e+05
 Pressure (bar)
   -5.19232e+03

           Step           Time
            352      352.00000

   Energies (kJ/mol)
           Bond          Angle    Proper Dih. Per. Imp. Dih.          LJ-14
    1.79582e+03    5.31805e+03    9.92852e+03    2.33830e+02    3.37303e+03
     Coulomb-14        LJ (SR)   Coulomb (SR)   Coul. recip.      Potential
    4.03435e+04    7.22113e+04   -7.51297e+05    7.20537e+03   -6.10887e+05
 Pressure (bar)
   -5.20393e+03

           Step           Time
            353      353.00000

   Energies (kJ/mol)
           Bond          Angle    Proper Dih. Per. Imp. Dih.          LJ-14
    1.65432e+03    5.30260e+03    9.92667e+03    2.33742e+02    3.37414e+03
     Coulomb-14        LJ (SR)   Coulomb (SR)   Coul. recip.      Potential
    4.03417e+04    7.22227e+04   -7.51359e+05    7.19891e+03   -6.11105e+05
 Pressure (bar)
   -5.20190e+03

           Step           Time
            354      354.00000

           Step           Time
            355      355.00000

   Energies (kJ/mol)
           Bond          Angle    Proper Dih. Per. Imp. Dih.          LJ-14
    1.65224e+03    5.29490e+03    9.92649e+03    2.33742e+02    3.37290e+03
     Coulomb-14        LJ (SR)   Coulomb (SR)   Coul. recip.      Potential
    4.03444e+04    7.22247e+04   -7.51428e+05    7.19270e+03   -6.11186e+05
 Pressure (bar)
   -5.20347e+03

           Step           Time
            356      356.00000

   Energies (kJ/mol)
           Bond          Angle    Proper Dih. Per. Imp. Dih.          LJ-14
    1.67427e+03    5.29168e+03    9.92468e+03    2.33657e+02    3.37370e+03
     Coulomb-14        LJ (SR)   Coulomb (SR)   Coul. recip.      Potential
    4.03437e+04    7.22376e+04   -7.51520e+05    7.18391e+03   -6.11256e+05
 Pressure (bar)
   -5.20653e+03

           Step           Time
            357      357.00000

   Energies (kJ/mol)
           Bond          Angle    Proper Dih. Per. Imp. Dih.          LJ-14
    1.67750e+03    5.28411e+03    9.92485e+03    2.33681e+02    3.37203e+03
     Coulomb-14        LJ (SR)   Coulomb (SR)   Coul. recip.      Potential
    4.03472e+04    7.22378e+04   -7.51585e+05    7.17825e+03   -6.11330e+05
 Pressure (bar)
   -5.20851e+03

           Step           Time
            358      358.00000

   Energies (kJ/mol)
           Bond          Angle    Proper Dih. Per. Imp. Dih.          LJ-14
    1.72437e+03    5.28401e+03    9.92270e+03    2.33578e+02    3.37338e+03
     Coulomb-14        LJ (SR)   Coulomb (SR)   Coul. recip.      Potential
    4.03455e+04    7.22530e+04   -7.51680e+05    7.16914e+03   -6.11374e+05
 Pressure (bar)
   -5.21208e+03

           Step           Time
            359      359.00000

   Energies (kJ/mol)
           Bond          Angle    Proper Dih. Per. Imp. Dih.          LJ-14
    1.74137e+03    5.27722e+03    9.92335e+03    2.33640e+02    3.37111e+03
     Coulomb-14        LJ (SR)   Coulomb (SR)   Coul. recip.      Potential
    4.03501e+04    7.22505e+04   -7.51740e+05    7.16418e+03   -6.11429e+05
 Pressure (bar)
   -5.21453e+03

           Step           Time
            360      360.00000

           Step           Time
            361      361.00000

   Energies (kJ/mol)
           Bond          Angle    Proper Dih. Per. Imp. Dih.          LJ-14
    1.60405e+03    5.26201e+03    9.92189e+03    2.33564e+02    3.37194e+03
     Coulomb-14        LJ (SR)   Coulomb (SR)   Coul. recip.      Potential
    4.03487e+04    7.22592e+04   -7.51790e+05    7.15885e+03   -6.11630e+05
 Pressure (bar)
   -5.21151e+03

           Step           Time
            362      362.00000

   Energies (kJ/mol)
           Bond          Angle    Proper Dih. Per. Imp. Dih.          LJ-14
    1.78622e+03    5.24929e+03    9.91920e+03    2.33466e+02    3.36938e+03
     Coulomb-14        LJ (SR)   Coulomb (SR)   Coul. recip.      Potential
    4.03558e+04    7.22859e+04   -7.52121e+05    7.12841e+03   -6.11794e+05
 Pressure (bar)
   -5.22526e+03

           Step           Time
            363      363.00000

   Energies (kJ/mol)
           Bond          Angle    Proper Dih. Per. Imp. Dih.          LJ-14
    1.60719e+03    5.23096e+03    9.91729e+03    2.33373e+02    3.37059e+03
     Coulomb-14        LJ (SR)   Coulomb (SR)   Coul. recip.      Potential
    4.03539e+04    7.22976e+04   -7.52183e+05    7.12238e+03   -6.12049e+05
 Pressure (bar)
   -5.22245e+03

           Step           Time
            364      364.00000

           Step           Time
            365      365.00000

   Energies (kJ/mol)
           Bond          Angle    Proper Dih. Per. Imp. Dih.          LJ-14
    1.61493e+03    5.22411e+03    9.91721e+03    2.33371e+02    3.36927e+03
     Coulomb-14        LJ (SR)   Coulomb (SR)   Coul. recip.      Potential
    4.03568e+04    7.23004e+04   -7.52254e+05    7.11596e+03   -6.12122e+05
 Pressure (bar)
   -5.22416e+03

           Step           Time
            366      366.00000

   Energies (kJ/mol)
           Bond          Angle    Proper Dih. Per. Imp. Dih.          LJ-14
    1.63026e+03    5.22112e+03    9.91546e+03    2.33282e+02    3.37020e+03
     Coulomb-14        LJ (SR)   Coulomb (SR)   Coul. recip.      Potential
    4.03558e+04    7.23134e+04   -7.52339e+05    7.10809e+03   -6.12192e+05
 Pressure (bar)
   -5.22676e+03

           Step           Time
            367      367.00000

   Energies (kJ/mol)
           Bond          Angle    Proper Dih. Per. Imp. Dih.          LJ-14
    1.64860e+03    5.21503e+03    9.91576e+03    2.33310e+02    3.36843e+03
     Coulomb-14        LJ (SR)   Coulomb (SR)   Coul. recip.      Potential
    4.03594e+04    7.23141e+04   -7.52406e+05    7.10235e+03   -6.12249e+05
 Pressure (bar)
   -5.22904e+03

           Step           Time
            368      368.00000

   Energies (kJ/mol)
           Bond          Angle    Proper Dih. Per. Imp. Dih.          LJ-14
    1.68740e+03    5.21493e+03    9.91361e+03    2.33200e+02    3.36995e+03
     Coulomb-14        LJ (SR)   Coulomb (SR)   Coul. recip.      Potential
    4.03576e+04    7.23299e+04   -7.52496e+05    7.09404e+03   -6.12295e+05
 Pressure (bar)
   -5.23218e+03

           Step           Time
            369      369.00000

   Energies (kJ/mol)
           Bond          Angle    Proper Dih. Per. Imp. Dih.          LJ-14
    1.72815e+03    5.21054e+03    9.91447e+03    2.33267e+02    3.36753e+03
     Coulomb-14        LJ (SR)   Coulomb (SR)   Coul. recip.      Potential
    4.03622e+04    7.23277e+04   -7.52556e+05    7.08910e+03   -6.12324e+05
 Pressure (bar)
   -5.23517e+03

           Step           Time
            370      370.00000

           Step           Time
            371      371.00000

   Energies (kJ/mol)
           Bond          Angle    Proper Dih. Per. Imp. Dih.          LJ-14
    1.55761e+03    5.19241e+03    9.91296e+03    2.33185e+02    3.36845e+03
     Coulomb-14        LJ (SR)   Coulomb (SR)   Coul. recip.      Potential
    4.03608e+04    7.23365e+04   -7.52604e+05    7.08405e+03   -6.12558e+05
 Pressure (bar)
   -5.23109e+03

           Step           Time
            372      372.00000

   Energies (kJ/mol)
           Bond          Angle    Proper Dih. Per. Imp. Dih.          LJ-14
    1.78177e+03    5.17766e+03    9.90970e+03    2.33026e+02    3.36555e+03
     Coulomb-14        LJ (SR)   Coulomb (SR)   Coul. recip.      Potential
    4.03688e+04    7.23751e+04   -7.53019e+05    7.04624e+03   -6.12761e+05
 Pressure (bar)
   -5.24736e+03

           Step           Time
            373      373.00000

   Energies (kJ/mol)
           Bond          Angle    Proper Dih. Per. Imp. Dih.          LJ-14
    1.55921e+03    5.15582e+03    9.90773e+03    2.32932e+02    3.36685e+03
     Coulomb-14        LJ (SR)   Coulomb (SR)   Coul. recip.      Potential
    4.03671e+04    7.23872e+04   -7.53079e+05    7.04081e+03   -6.13062e+05
 Pressure (bar)
   -5.24376e+03

           Step           Time
            374      374.00000

           Step           Time
            375      375.00000

   Energies (kJ/mol)
           Bond          Angle    Proper Dih. Per. Imp. Dih.          LJ-14
    1.57763e+03    5.15003e+03    9.90777e+03    2.32925e+02    3.36545e+03
     Coulomb-14        LJ (SR)   Coulomb (SR)   Coul. recip.      Potential
    4.03700e+04    7.23906e+04   -7.53153e+05    7.03434e+03   -6.13124e+05
 Pressure (bar)
   -5.24555e+03

           Step           Time
            376      376.00000

   Energies (kJ/mol)
           Bond          Angle    Proper Dih. Per. Imp. Dih.          LJ-14
    1.58607e+03    5.14711e+03    9.90602e+03    2.32830e+02    3.36653e+03
     Coulomb-14        LJ (SR)   Coulomb (SR)   Coul. recip.      Potential
    4.03689e+04    7.24039e+04   -7.53233e+05    7.02718e+03   -6.13195e+05
 Pressure (bar)
   -5.24769e+03

           Step           Time
            377      377.00000

   Energies (kJ/mol)
           Bond          Angle    Proper Dih. Per. Imp. Dih.          LJ-14
    1.62092e+03    5.14275e+03    9.90650e+03    2.32857e+02    3.36464e+03
     Coulomb-14        LJ (SR)   Coulomb (SR)   Coul. recip.      Potential
    4.03725e+04    7.24052e+04   -7.53300e+05    7.02146e+03   -6.13233e+05
 Pressure (bar)
   -5.25028e+03

           Step           Time
            378      378.00000

   Energies (kJ/mol)
           Bond          Angle    Proper Dih. Per. Imp. Dih.          LJ-14
    1.65190e+03    5.14253e+03    9.90429e+03    2.32741e+02    3.36636e+03
     Coulomb-14        LJ (SR)   Coulomb (SR)   Coul. recip.      Potential
    4.03706e+04    7.24214e+04   -7.53386e+05    7.01390e+03   -6.13283e+05
 Pressure (bar)
   -5.25302e+03

           Step           Time
            379      379.00000

           Step           Time
            380      380.00000

   Energies (kJ/mol)
           Bond          Angle    Proper Dih. Per. Imp. Dih.          LJ-14
    1.51367e+03    5.12499e+03    9.90471e+03    2.32761e+02    3.36484e+03
     Coulomb-14        LJ (SR)   Coulomb (SR)   Coul. recip.      Potential
    4.03730e+04    7.24198e+04   -7.53416e+05    7.01091e+03   -6.13471e+05
 Pressure (bar)
   -5.24974e+03

           Step           Time
            381      381.00000

   Energies (kJ/mol)
           Bond          Angle    Proper Dih. Per. Imp. Dih.          LJ-14
    1.70718e+03    5.11735e+03    9.90016e+03    2.32450e+02    3.36515e+03
     Coulomb-14        LJ (SR)   Coulomb (SR)   Coul. recip.      Potential
    4.03756e+04    7.24662e+04   -7.53781e+05    6.97844e+03   -6.13638e+05
 Pressure (bar)
   -5.26307e+03

           Step           Time
            382      382.00000

   Energies (kJ/mol)
           Bond          Angle    Proper Dih. Per. Imp. Dih.          LJ-14
    1.50963e+03    5.09416e+03    9.90093e+03    2.32513e+02    3.36300e+03
     Coulomb-14        LJ (SR)   Coulomb (SR)   Coul. recip.      Potential
    4.03791e+04    7.24631e+04   -7.53813e+05    6.97556e+03   -6.13895e+05
 Pressure (bar)
   -5.25949e+03

           Step           Time
            383      383.00000

           Step           Time
            384      384.00000

   Energies (kJ/mol)
           Bond          Angle    Proper Dih. Per. Imp. Dih.          LJ-14
    1.53716e+03    5.09133e+03    9.89934e+03    2.32420e+02    3.36374e+03
     Coulomb-14        LJ (SR)   Coulomb (SR)   Coul. recip.      Potential
    4.03788e+04    7.24769e+04   -7.53906e+05    6.96748e+03   -6.13958e+05
 Pressure (bar)
   -5.26180e+03

           Step           Time
            385      385.00000

   Energies (kJ/mol)
           Bond          Angle    Proper Dih. Per. Imp. Dih.          LJ-14
    1.52525e+03    5.08437e+03    9.89963e+03    2.32439e+02    3.36225e+03
     Coulomb-14        LJ (SR)   Coulomb (SR)   Coul. recip.      Potential
    4.03815e+04    7.24791e+04   -7.53962e+05    6.96258e+03   -6.14035e+05
 Pressure (bar)
   -5.26310e+03

           Step           Time
            386      386.00000

   Energies (kJ/mol)
           Bond          Angle    Proper Dih. Per. Imp. Dih.          LJ-14
    1.57696e+03    5.08464e+03    9.89775e+03    2.32332e+02    3.36347e+03
     Coulomb-14        LJ (SR)   Coulomb (SR)   Coul. recip.      Potential
    4.03805e+04    7.24947e+04   -7.54054e+05    6.95465e+03   -6.14070e+05
 Pressure (bar)
   -5.26630e+03

           Step           Time
            387      387.00000

   Energies (kJ/mol)
           Bond          Angle    Proper Dih. Per. Imp. Dih.          LJ-14
    1.56854e+03    5.07746e+03    9.89845e+03    2.32374e+02    3.36144e+03
     Coulomb-14        LJ (SR)   Coulomb (SR)   Coul. recip.      Potential
    4.03840e+04    7.24949e+04   -7.54109e+05    6.95000e+03   -6.14142e+05
 Pressure (bar)
   -5.26762e+03

           Step           Time
            388      388.00000

           Step           Time
            389      389.00000

   Energies (kJ/mol)
           Bond          Angle    Proper Dih. Per. Imp. Dih.          LJ-14
    1.47885e+03    5.06679e+03    9.89719e+03    2.32301e+02    3.36223e+03
     Coulomb-14        LJ (SR)   Coulomb (SR)   Coul. recip.      Potential
    4.03831e+04    7.25034e+04   -7.54156e+05    6.94561e+03   -6.14286e+05
 Pressure (bar)
   -5.26579e+03

           Step           Time
            390      390.00000

   Energies (kJ/mol)
           Bond          Angle    Proper Dih. Per. Imp. Dih.          LJ-14
    1.60259e+03    5.06010e+03    9.89596e+03    2.32214e+02    3.36026e+03
     Coulomb-14        LJ (SR)   Coulomb (SR)   Coul. recip.      Potential
    4.03880e+04    7.25264e+04   -7.54381e+05    6.92602e+03   -6.14390e+05
 Pressure (bar)
   -5.27433e+03

           Step           Time
            391      391.00000

   Energies (kJ/mol)
           Bond          Angle    Proper Dih. Per. Imp. Dih.          LJ-14
    1.48671e+03    5.04722e+03    9.89429e+03    2.32122e+02    3.36143e+03
     Coulomb-14        LJ (SR)   Coulomb (SR)   Coul. recip.      Potential
    4.03867e+04    7.25376e+04   -7.54439e+05    6.92107e+03   -6.14571e+05
 Pressure (bar)
   -5.27264e+03

           Step           Time
            392      392.00000

           Step           Time
            393      393.00000

   Energies (kJ/mol)
           Bond          Angle    Proper Dih. Per. Imp. Dih.          LJ-14
    1.48221e+03    5.04110e+03    9.89435e+03    2.32110e+02    3.36027e+03
     Coulomb-14        LJ (SR)   Coulomb (SR)   Coul. recip.      Potential
    4.03889e+04    7.25417e+04   -7.54499e+05    6.91572e+03   -6.14642e+05
 Pressure (bar)
   -5.27361e+03

           Step           Time
            394      394.00000

   Energies (kJ/mol)
           Bond          Angle    Proper Dih. Per. Imp. Dih.          LJ-14
    1.50583e+03    5.03878e+03    9.89278e+03    2.32011e+02    3.36111e+03
     Coulomb-14        LJ (SR)   Coulomb (SR)   Coul. recip.      Potential
    4.03885e+04    7.25556e+04   -7.54584e+05    6.90855e+03   -6.14701e+05
 Pressure (bar)
   -5.27622e+03

           Step           Time
            395      395.00000

   Energies (kJ/mol)
           Bond          Angle    Proper Dih. Per. Imp. Dih.          LJ-14
    1.50414e+03    5.03267e+03    9.89317e+03    2.32023e+02    3.35953e+03
     Coulomb-14        LJ (SR)   Coulomb (SR)   Coul. recip.      Potential
    4.03912e+04    7.25583e+04   -7.54642e+05    6.90346e+03   -6.14768e+05
 Pressure (bar)
   -5.27748e+03

           Step           Time
            396      396.00000

   Energies (kJ/mol)
           Bond          Angle    Proper Dih. Per. Imp. Dih.          LJ-14
    1.55158e+03    5.03316e+03    9.89125e+03    2.31910e+02    3.36091e+03
     Coulomb-14        LJ (SR)   Coulomb (SR)   Coul. recip.      Potential
    4.03902e+04    7.25740e+04   -7.54730e+05    6.89624e+03   -6.14801e+05
 Pressure (bar)
   -5.28060e+03

           Step           Time
            397      397.00000

   Energies (kJ/mol)
           Bond          Angle    Proper Dih. Per. Imp. Dih.          LJ-14
    1.55917e+03    5.02758e+03    9.89210e+03    2.31951e+02    3.35874e+03
     Coulomb-14        LJ (SR)   Coulomb (SR)   Coul. recip.      Potential
    4.03936e+04    7.25745e+04   -7.54784e+05    6.89147e+03   -6.14855e+05
 Pressure (bar)
   -5.28219e+03

           Step           Time
            398      398.00000

           Step           Time
            399      399.00000

   Energies (kJ/mol)
           Bond          Angle    Proper Dih. Per. Imp. Dih.          LJ-14
    1.44512e+03    5.01476e+03    9.89078e+03    2.31872e+02    3.35961e+03
     Coulomb-14        LJ (SR)   Coulomb (SR)   Coul. recip.      Potential
    4.03927e+04    7.25832e+04   -7.54830e+05    6.88739e+03   -6.15024e+05
 Pressure (bar)
   -5.27963e+03

           Step           Time
            400      400.00000

   Energies (kJ/mol)
           Bond          Angle    Proper Dih. Per. Imp. Dih.          LJ-14
    1.60140e+03    5.00830e+03    9.88928e+03    2.31732e+02    3.35743e+03
     Coulomb-14        LJ (SR)   Coulomb (SR)   Coul. recip.      Potential
    4.03981e+04    7.26135e+04   -7.55100e+05    6.86404e+03   -6.15136e+05
 Pressure (bar)
   -5.28971e+03

           Step           Time
            401      401.00000

   Energies (kJ/mol)
           Bond          Angle    Proper Dih. Per. Imp. Dih.          LJ-14
    1.45301e+03    4.99266e+03    9.88754e+03    2.31635e+02    3.35871e+03
     Coulomb-14        LJ (SR)   Coulomb (SR)   Coul. recip.      Potential
    4.03969e+04    7.26249e+04   -7.55156e+05    6.85949e+03   -6.15351e+05
 Pressure (bar)
   -5.28727e+03

           Step           Time
            402      402.00000

           Step           Time
            403      403.00000

   Energies (kJ/mol)
           Bond          Angle    Proper Dih. Per. Imp. Dih.          LJ-14
    1.45626e+03    4.98723e+03    9.88765e+03    2.31619e+02    3.35747e+03
     Coulomb-14        LJ (SR)   Coulomb (SR)   Coul. recip.      Potential
    4.03991e+04    7.26297e+04   -7.55219e+05    6.85392e+03   -6.15416e+05
 Pressure (bar)
   -5.28833e+03

           Step           Time
            404      404.00000

   Energies (kJ/mol)
           Bond          Angle    Proper Dih. Per. Imp. Dih.          LJ-14
    1.47527e+03    4.98507e+03    9.88609e+03    2.31517e+02    3.35844e+03
     Coulomb-14        LJ (SR)   Coulomb (SR)   Coul. recip.      Potential
    4.03986e+04    7.26435e+04   -7.55299e+05    6.84748e+03   -6.15473e+05
 Pressure (bar)
   -5.29062e+03

           Step           Time
            405      405.00000

   Energies (kJ/mol)
           Bond          Angle    Proper Dih. Per. Imp. Dih.          LJ-14
    1.48559e+03    4.98016e+03    9.88656e+03    2.31527e+02    3.35676e+03
     Coulomb-14        LJ (SR)   Coulomb (SR)   Coul. recip.      Potential
    4.04013e+04    7.26467e+04   -7.55358e+05    6.84227e+03   -6.15527e+05
 Pressure (bar)
   -5.29212e+03

           Step           Time
            406      406.00000

   Energies (kJ/mol)
           Bond          Angle    Proper Dih. Per. Imp. Dih.          LJ-14
    1.52799e+03    4.98065e+03    9.88460e+03    2.31406e+02    3.35830e+03
     Coulomb-14        LJ (SR)   Coulomb (SR)   Coul. recip.      Potential
    4.04002e+04    7.26626e+04   -7.55442e+05    6.83572e+03   -6.15560e+05
 Pressure (bar)
   -5.29496e+03

           Step           Time
            407      407.00000

   Energies (kJ/mol)
           Bond          Angle    Proper Dih. Per. Imp. Dih.          LJ-14
    1.55464e+03    4.97708e+03    9.88559e+03    2.31450e+02    3.35597e+03
     Coulomb-14        LJ (SR)   Coulomb (SR)   Coul. recip.      Potential
    4.04037e+04    7.26634e+04   -7.55496e+05    6.83085e+03   -6.15593e+05
 Pressure (bar)
   -5.29696e+03

           Step           Time
            408      408.00000

           Step           Time
            409      409.00000

   Energies (kJ/mol)
           Bond          Angle    Proper Dih. Per. Imp. Dih.          LJ-14
    1.41120e+03    4.96157e+03    9.88421e+03    2.31364e+02    3.35693e+03
     Coulomb-14        LJ (SR)   Coulomb (SR)   Coul. recip.      Potential
    4.04028e+04    7.26721e+04   -7.55540e+05    6.82700e+03   -6.15792e+05
 Pressure (bar)
   -5.29350e+03

           Step           Time
            410      410.00000

   Energies (kJ/mol)
           Bond          Angle    Proper Dih. Per. Imp. Dih.          LJ-14
    1.60653e+03    4.95517e+03    9.88233e+03    2.31162e+02    3.35451e+03
     Coulomb-14        LJ (SR)   Coulomb (SR)   Coul. recip.      Potential
    4.04088e+04    7.27124e+04   -7.55868e+05    6.79886e+03   -6.15918e+05
 Pressure (bar)
   -5.30535e+03

           Step           Time
            411      411.00000

   Energies (kJ/mol)
           Bond          Angle    Proper Dih. Per. Imp. Dih.          LJ-14
    1.41917e+03    4.93617e+03    9.88049e+03    2.31062e+02    3.35589e+03
     Coulomb-14        LJ (SR)   Coulomb (SR)   Coul. recip.      Potential
    4.04077e+04    7.27240e+04   -7.55923e+05    6.79479e+03   -6.16174e+05
 Pressure (bar)
   -5.30213e+03

           Step           Time
            412      412.00000

           Step           Time
            413      413.00000

   Energies (kJ/mol)
           Bond          Angle    Proper Dih. Per. Imp. Dih.          LJ-14
    1.43138e+03    4.93166e+03    9.88068e+03    2.31039e+02    3.35457e+03
     Coulomb-14        LJ (SR)   Coulomb (SR)   Coul. recip.      Potential
    4.04099e+04    7.27295e+04   -7.55988e+05    6.78899e+03   -6.16230e+05
 Pressure (bar)
   -5.30327e+03

           Step           Time
            414      414.00000

   Energies (kJ/mol)
           Bond          Angle    Proper Dih. Per. Imp. Dih.          LJ-14
    1.44519e+03    4.92944e+03    9.87909e+03    2.30930e+02    3.35567e+03
     Coulomb-14        LJ (SR)   Coulomb (SR)   Coul. recip.      Potential
    4.04094e+04    7.27432e+04   -7.56064e+05    6.78325e+03   -6.16288e+05
 Pressure (bar)
   -5.30525e+03

           Step           Time
            415      415.00000

   Energies (kJ/mol)
           Bond          Angle    Proper Dih. Per. Imp. Dih.          LJ-14
    1.46942e+03    4.92606e+03    9.87967e+03    2.30939e+02    3.35388e+03
     Coulomb-14        LJ (SR)   Coulomb (SR)   Coul. recip.      Potential
    4.04121e+04    7.27469e+04   -7.56123e+05    6.77790e+03   -6.16326e+05
 Pressure (bar)
   -5.30702e+03

           Step           Time
            416      416.00000

   Energies (kJ/mol)
           Bond          Angle    Proper Dih. Per. Imp. Dih.          LJ-14
    1.50637e+03    4.92638e+03    9.87764e+03    2.30812e+02    3.35560e+03
     Coulomb-14        LJ (SR)   Coulomb (SR)   Coul. recip.      Potential
    4.04110e+04    7.27630e+04   -7.56204e+05    6.77200e+03   -6.16362e+05
 Pressure (bar)
   -5.30959e+03

           Step           Time
            417      417.00000

   Energies (kJ/mol)
           Bond          Angle    Proper Dih. Per. Imp. Dih.          LJ-14
    1.55526e+03    4.92523e+03    9.87879e+03    2.30863e+02    3.35310e+03
     Coulomb-14        LJ (SR)   Coulomb (SR)   Coul. recip.      Potential
    4.04144e+04    7.27641e+04   -7.56258e+05    6.76708e+03   -6.16369e+05
 Pressure (bar)
   -5.31211e+03

           Step           Time
            418      418.00000

           Step           Time
            419      419.00000

   Energies (kJ/mol)
           Bond          Angle    Proper Dih. Per. Imp. Dih.          LJ-14
    1.37662e+03    4.90642e+03    9.87732e+03    2.30770e+02    3.35415e+03
     Coulomb-14        LJ (SR)   Coulomb (SR)   Coul. recip.      Potential
    4.04135e+04    7.27730e+04   -7.56301e+05    6.76342e+03   -6.16606e+05
 Pressure (bar)
   -5.30755e+03

           Step           Time
            420      420.00000

   Energies (kJ/mol)
           Bond          Angle    Proper Dih. Per. Imp. Dih.          LJ-14
    1.61856e+03    4.90001e+03    9.87494e+03    2.30475e+02    3.35147e+03
     Coulomb-14        LJ (SR)   Coulomb (SR)   Coul. recip.      Potential
    4.04202e+04    7.28261e+04   -7.56700e+05    6.72939e+03   -6.16749e+05
 Pressure (bar)
   -5.32133e+03

           Step           Time
            421      421.00000

   Energies (kJ/mol)
           Bond          Angle    Proper Dih. Per. Imp. Dih.          LJ-14
    1.38526e+03    4.87710e+03    9.87300e+03    2.30368e+02    3.35295e+03
     Coulomb-14        LJ (SR)   Coulomb (SR)   Coul. recip.      Potential
    4.04193e+04    7.28379e+04   -7.56756e+05    6.72588e+03   -6.17054e+05
 Pressure (bar)
   -5.31737e+03

           Step           Time
            422      422.00000

           Step           Time
            423      423.00000

   Energies (kJ/mol)
           Bond          Angle    Proper Dih. Per. Imp. Dih.          LJ-14
    1.40712e+03    4.87369e+03    9.87328e+03    2.30340e+02    3.35155e+03
     Coulomb-14        LJ (SR)   Coulomb (SR)   Coul. recip.      Potential
    4.04215e+04    7.28440e+04   -7.56821e+05    6.71999e+03   -6.17100e+05
 Pressure (bar)
   -5.31855e+03

           Step           Time
            424      424.00000

   Energies (kJ/mol)
           Bond          Angle    Proper Dih. Per. Imp. Dih.          LJ-14
    1.41600e+03    4.87135e+03    9.87163e+03    2.30228e+02    3.35279e+03
     Coulomb-14        LJ (SR)   Coulomb (SR)   Coul. recip.      Potential
    4.04210e+04    7.28578e+04   -7.56894e+05    6.71487e+03   -6.17158e+05
 Pressure (bar)
   -5.32023e+03

           Step           Time
            425      425.00000

   Energies (kJ/mol)
           Bond          Angle    Proper Dih. Per. Imp. Dih.          LJ-14
    1.45536e+03    4.86968e+03    9.87233e+03    2.30238e+02    3.35087e+03
     Coulomb-14        LJ (SR)   Coulomb (SR)   Coul. recip.      Potential
    4.04236e+04    7.28619e+04   -7.56953e+05    6.70944e+03   -6.17179e+05
 Pressure (bar)
   -5.32224e+03

           Step           Time
            426      426.00000

   Energies (kJ/mol)
           Bond          Angle    Proper Dih. Per. Imp. Dih.          LJ-14
    1.48785e+03    4.86984e+03    9.87021e+03    2.30101e+02    3.35280e+03
     Coulomb-14        LJ (SR)   Coulomb (SR)   Coul. recip.      Potential
    4.04225e+04    7.28783e+04   -7.57032e+05    6.70415e+03   -6.17216e+05
 Pressure (bar)
   -5.32459e+03

           Step           Time
            427      427.00000

           Step           Time
            428      428.00000

   Energies (kJ/mol)
           Bond          Angle    Proper Dih. Per. Imp. Dih.          LJ-14
    1.34415e+03    4.85309e+03    9.87076e+03    2.30112e+02    3.35123e+03
     Coulomb-14        LJ (SR)   Coulomb (SR)   Coul. recip.      Potential
    4.04243e+04    7.28783e+04   -7.57057e+05    6.70108e+03   -6.17404e+05
 Pressure (bar)
   -5.32077e+03

           Step           Time
            429      429.00000

   Energies (kJ/mol)
           Bond          Angle    Proper Dih. Per. Imp. Dih.          LJ-14
    1.55495e+03    4.85283e+03    9.86692e+03    2.29714e+02    3.35200e+03
     Coulomb-14        LJ (SR)   Coulomb (SR)   Coul. recip.      Potential
    4.04268e+04    7.29302e+04   -7.57381e+05    6.67557e+03   -6.17492e+05
 Pressure (bar)
   -5.33190e+03

           Step           Time
            430      430.00000

   Energies (kJ/mol)
           Bond          Angle    Proper Dih. Per. Imp. Dih.          LJ-14
    1.34719e+03    4.83044e+03    9.86784e+03    2.29771e+02    3.34977e+03
     Coulomb-14        LJ (SR)   Coulomb (SR)   Coul. recip.      Potential
    4.04293e+04    7.29291e+04   -7.57408e+05    6.67236e+03   -6.17752e+05
 Pressure (bar)
   -5.32767e+03

           Step           Time
            431      431.00000

           Step           Time
            432      432.00000

   Energies (kJ/mol)
           Bond          Angle    Proper Dih. Per. Imp. Dih.          LJ-14
    1.37789e+03    4.82878e+03    9.86637e+03    2.29650e+02    3.35066e+03
     Coulomb-14        LJ (SR)   Coulomb (SR)   Coul. recip.      Potential
    4.04294e+04    7.29440e+04   -7.57492e+05    6.66618e+03   -6.17799e+05
 Pressure (bar)
   -5.32950e+03

           Step           Time
            433      433.00000

   Energies (kJ/mol)
           Bond          Angle    Proper Dih. Per. Imp. Dih.          LJ-14
    1.36645e+03    4.82366e+03    9.86682e+03    2.29658e+02    3.34915e+03
     Coulomb-14        LJ (SR)   Coulomb (SR)   Coul. recip.      Potential
    4.04313e+04    7.29482e+04   -7.57542e+05    6.66155e+03   -6.17865e+05
 Pressure (bar)
   -5.33031e+03

           Step           Time
            434      434.00000

   Energies (kJ/mol)
           Bond          Angle    Proper Dih. Per. Imp. Dih.          LJ-14
    1.42329e+03    4.82493e+03    9.86502e+03    2.29524e+02    3.35056e+03
     Coulomb-14        LJ (SR)   Coulomb (SR)   Coul. recip.      Potential
    4.04310e+04    7.29645e+04   -7.57626e+05    6.65575e+03   -6.17882e+05
 Pressure (bar)
   -5.33315e+03

           Step           Time
            435      435.00000

   Energies (kJ/mol)
           Bond          Angle    Proper Dih. Per. Imp. Dih.          LJ-14
    1.41528e+03    4.81994e+03    9.86590e+03    2.29558e+02    3.34846e+03
     Coulomb-14        LJ (SR)   Coulomb (SR)   Coul. recip.      Potential
    4.04334e+04    7.29671e+04   -7.57673e+05    6.65106e+03   -6.17943e+05
 Pressure (bar)
   -5.33390e+03

           Step           Time
            436      436.00000

           Step           Time
            437      437.00000

   Energies (kJ/mol)
           Bond          Angle    Proper Dih. Per. Imp. Dih.          LJ-14
    1.32030e+03    4.80880e+03    9.86468e+03    2.29472e+02    3.34937e+03
     Coulomb-14        LJ (SR)   Coulomb (SR)   Coul. recip.      Potential
    4.04330e+04    7.29757e+04   -7.57717e+05    6.64788e+03   -6.18088e+05
 Pressure (bar)
   -5.33171e+03

           Step           Time
            438      438.00000

   Energies (kJ/mol)
           Bond          Angle    Proper Dih. Per. Imp. Dih.          LJ-14
    1.45674e+03    4.80798e+03    9.86388e+03    2.29325e+02    3.34753e+03
     Coulomb-14        LJ (SR)   Coulomb (SR)   Coul. recip.      Potential
    4.04367e+04    7.30038e+04   -7.57918e+05    6.63108e+03   -6.18141e+05
 Pressure (bar)
   -5.33885e+03

           Step           Time
            439      439.00000

   Energies (kJ/mol)
           Bond          Angle    Proper Dih. Per. Imp. Dih.          LJ-14
    1.33398e+03    4.79432e+03    9.86225e+03    2.29220e+02    3.34885e+03
     Coulomb-14        LJ (SR)   Coulomb (SR)   Coul. recip.      Potential
    4.04362e+04    7.30149e+04   -7.57971e+05    6.62771e+03   -6.18324e+05
 Pressure (bar)
   -5.33679e+03

           Step           Time
            440      440.00000

           Step           Time
            441      441.00000

   Energies (kJ/mol)
           Bond          Angle    Proper Dih. Per. Imp. Dih.          LJ-14
    1.32968e+03    4.78987e+03    9.86244e+03    2.29193e+02    3.34769e+03
     Coulomb-14        LJ (SR)   Coulomb (SR)   Coul. recip.      Potential
    4.04378e+04    7.30208e+04   -7.58024e+05    6.62278e+03   -6.18384e+05
 Pressure (bar)
   -5.33724e+03

           Step           Time
            442      442.00000

   Energies (kJ/mol)
           Bond          Angle    Proper Dih. Per. Imp. Dih.          LJ-14
    1.35745e+03    4.78851e+03    9.86095e+03    2.29071e+02    3.34868e+03
     Coulomb-14        LJ (SR)   Coulomb (SR)   Coul. recip.      Potential
    4.04379e+04    7.30355e+04   -7.58103e+05    6.61737e+03   -6.18428e+05
 Pressure (bar)
   -5.33952e+03

           Step           Time
            443      443.00000

   Energies (kJ/mol)
           Bond          Angle    Proper Dih. Per. Imp. Dih.          LJ-14
    1.35571e+03    4.78426e+03    9.86147e+03    2.29071e+02    3.34707e+03
     Coulomb-14        LJ (SR)   Coulomb (SR)   Coul. recip.      Potential
    4.04398e+04    7.30401e+04   -7.58154e+05    6.61248e+03   -6.18484e+05
 Pressure (bar)
   -5.34022e+03

           Step           Time
            444      444.00000

   Energies (kJ/mol)
           Bond          Angle    Proper Dih. Per. Imp. Dih.          LJ-14
    1.41002e+03    4.78567e+03    9.85962e+03    2.28932e+02    3.34864e+03
     Coulomb-14        LJ (SR)   Coulomb (SR)   Coul. recip.      Potential
    4.04394e+04    7.30564e+04   -7.58235e+05    6.60731e+03   -6.18499e+05
 Pressure (bar)
   -5.34313e+03

           Step           Time
            445      445.00000

   Energies (kJ/mol)
           Bond          Angle    Proper Dih. Per. Imp. Dih.          LJ-14
    1.41750e+03    4.78230e+03    9.86062e+03    2.28965e+02    3.34638e+03
     Coulomb-14        LJ (SR)   Coulomb (SR)   Coul. recip.      Potential
    4.04418e+04    7.30591e+04   -7.58282e+05    6.60241e+03   -6.18543e+05
 Pressure (bar)
   -5.34415e+03

           Step           Time
            446      446.00000

           Step           Time
            447      447.00000

   Energies (kJ/mol)
           Bond          Angle    Proper Dih. Per. Imp. Dih.          LJ-14
    1.29578e+03    4.76866e+03    9.85932e+03    2.28871e+02    3.34737e+03
     Coulomb-14        LJ (SR)   Coulomb (SR)   Coul. recip.      Potential
    4.04414e+04    7.30678e+04   -7.58324e+05    6.59944e+03   -6.18716e+05
 Pressure (bar)
   -5.34116e+03

           Step           Time
            448      448.00000

   Energies (kJ/mol)
           Bond          Angle    Proper Dih. Per. Imp. Dih.          LJ-14
    1.46926e+03    4.76937e+03    9.85830e+03    2.28676e+02    3.34537e+03
     Coulomb-14        LJ (SR)   Coulomb (SR)   Coul. recip.      Potential
    4.04455e+04    7.31028e+04   -7.58561e+05    6.57979e+03   -6.18762e+05
 Pressure (bar)
   -5.34966e+03

           Step           Time
            449      449.00000

   Energies (kJ/mol)
           Bond          Angle    Proper Dih. Per. Imp. Dih.          LJ-14
    1.31073e+03    4.75252e+03    9.85657e+03    2.28564e+02    3.34680e+03
     Coulomb-14        LJ (SR)   Coulomb (SR)   Coul. recip.      Potential
    4.04451e+04    7.31140e+04   -7.58614e+05    6.57681e+03   -6.18983e+05
 Pressure (bar)
   -5.34680e+03

           Step           Time
            450      450.00000

           Step           Time
            451      451.00000

   Energies (kJ/mol)
           Bond          Angle    Proper Dih. Per. Imp. Dih.          LJ-14
    1.31400e+03    4.74880e+03    9.85681e+03    2.28532e+02    3.34556e+03
     Coulomb-14        LJ (SR)   Coulomb (SR)   Coul. recip.      Potential
    4.04466e+04    7.31204e+04   -7.58669e+05    6.57165e+03   -6.19037e+05
 Pressure (bar)
   -5.34732e+03

           Step           Time
            452      452.00000

   Energies (kJ/mol)
           Bond          Angle    Proper Dih. Per. Imp. Dih.          LJ-14
    1.33804e+03    4.74744e+03    9.85529e+03    2.28409e+02    3.34668e+03
     Coulomb-14        LJ (SR)   Coulomb (SR)   Coul. recip.      Potential
    4.04467e+04    7.31349e+04   -7.58744e+05    6.56684e+03   -6.19080e+05
 Pressure (bar)
   -5.34940e+03

           Step           Time
            453      453.00000

   Energies (kJ/mol)
           Bond          Angle    Proper Dih. Per. Imp. Dih.          LJ-14
    1.34812e+03    4.74446e+03    9.85589e+03    2.28409e+02    3.34495e+03
     Coulomb-14        LJ (SR)   Coulomb (SR)   Coul. recip.      Potential
    4.04485e+04    7.31399e+04   -7.58795e+05    6.56171e+03   -6.19123e+05
 Pressure (bar)
   -5.35036e+03

           Step           Time
            454      454.00000

   Energies (kJ/mol)
           Bond          Angle    Proper Dih. Per. Imp. Dih.          LJ-14
    1.39916e+03    4.74577e+03    9.85396e+03    2.28267e+02    3.34669e+03
     Coulomb-14        LJ (SR)   Coulomb (SR)   Coul. recip.      Potential
    4.04482e+04    7.31562e+04   -7.58873e+05    6.55717e+03   -6.19138e+05
 Pressure (bar)
   -5.35310e+03

           Step           Time
            455      455.00000

   Energies (kJ/mol)
           Bond          Angle    Proper Dih. Per. Imp. Dih.          LJ-14
    1.42572e+03    4.74450e+03    9.85509e+03    2.28308e+02    3.34426e+03
     Coulomb-14        LJ (SR)   Coulomb (SR)   Coul. recip.      Potential
    4.04505e+04    7.31591e+04   -7.58920e+05    6.55204e+03   -6.19160e+05
 Pressure (bar)
   -5.35456e+03

           Step           Time
            456      456.00000

           Step           Time
            457      457.00000

   Energies (kJ/mol)
           Bond          Angle    Proper Dih. Per. Imp. Dih.          LJ-14
    1.27117e+03    4.72770e+03    9.85372e+03    2.28209e+02    3.34534e+03
     Coulomb-14        LJ (SR)   Coulomb (SR)   Coul. recip.      Potential
    4.04502e+04    7.31678e+04   -7.58962e+05    6.54933e+03   -6.19368e+05
 Pressure (bar)
   -5.35059e+03

           Step           Time
            458      458.00000

   Energies (kJ/mol)
           Bond          Angle    Proper Dih. Per. Imp. Dih.          LJ-14
    1.49009e+03    4.73030e+03    9.85237e+03    2.27941e+02    3.34317e+03
     Coulomb-14        LJ (SR)   Coulomb (SR)   Coul. recip.      Potential
    4.04546e+04    7.32116e+04   -7.59242e+05    6.52600e+03   -6.19406e+05
 Pressure (bar)
   -5.36061e+03

           Step           Time
            459      459.00000

   Energies (kJ/mol)
           Bond          Angle    Proper Dih. Per. Imp. Dih.          LJ-14
    1.28773e+03    4.70949e+03    9.85054e+03    2.27829e+02    3.34471e+03
     Coulomb-14        LJ (SR)   Coulomb (SR)   Coul. recip.      Potential
    4.04544e+04    7.32229e+04   -7.59295e+05    6.52352e+03   -6.19674e+05
 Pressure (bar)
   -5.35691e+03

           Step           Time
            460      460.00000

           Step           Time
            461      461.00000

   Energies (kJ/mol)
           Bond          Angle    Proper Dih. Per. Imp. Dih.          LJ-14
    1.30016e+03    4.70674e+03    9.85083e+03    2.27792e+02    3.34337e+03
     Coulomb-14        LJ (SR)   Coulomb (SR)   Coul. recip.      Potential
    4.04559e+04    7.32300e+04   -7.59352e+05    6.51811e+03   -6.19719e+05
 Pressure (bar)
   -5.35751e+03

           Step           Time
            462      462.00000

   Energies (kJ/mol)
           Bond          Angle    Proper Dih. Per. Imp. Dih.          LJ-14
    1.31966e+03    4.70520e+03    9.84927e+03    2.27665e+02    3.34463e+03
     Coulomb-14        LJ (SR)   Coulomb (SR)   Coul. recip.      Potential
    4.04560e+04    7.32442e+04   -7.59423e+05    6.51393e+03   -6.19763e+05
 Pressure (bar)
   -5.35937e+03

           Step           Time
            463      463.00000

   Energies (kJ/mol)
           Bond          Angle    Proper Dih. Per. Imp. Dih.          LJ-14
    1.34411e+03    4.70379e+03    9.84996e+03    2.27669e+02    3.34277e+03
     Coulomb-14        LJ (SR)   Coulomb (SR)   Coul. recip.      Potential
    4.04578e+04    7.32496e+04   -7.59475e+05    6.50860e+03   -6.19790e+05
 Pressure (bar)
   -5.36062e+03

           Step           Time
            464      464.00000

   Energies (kJ/mol)
           Bond          Angle    Proper Dih. Per. Imp. Dih.          LJ-14
    1.39120e+03    4.70487e+03    9.84794e+03    2.27518e+02    3.34471e+03
     Coulomb-14        LJ (SR)   Coulomb (SR)   Coul. recip.      Potential
    4.04575e+04    7.32660e+04   -7.59552e+05    6.50464e+03   -6.19807e+05
 Pressure (bar)
   -5.36320e+03

           Step           Time
            465      465.00000

           Step           Time
            466      466.00000

   Energies (kJ/mol)
           Bond          Angle    Proper Dih. Per. Imp. Dih.          LJ-14
    1.24660e+03    4.68907e+03    9.84849e+03    2.27525e+02    3.34320e+03
     Coulomb-14        LJ (SR)   Coulomb (SR)   Coul. recip.      Potential
    4.04587e+04    7.32669e+04   -7.59574e+05    6.50141e+03   -6.19992e+05
 Pressure (bar)
   -5.35918e+03

           Step           Time
            467      467.00000

   Energies (kJ/mol)
           Bond          Angle    Proper Dih. Per. Imp. Dih.          LJ-14
    1.45956e+03    4.68610e+03    9.84404e+03    2.26958e+02    3.34387e+03
     Coulomb-14        LJ (SR)   Coulomb (SR)   Coul. recip.      Potential
    4.04627e+04    7.33371e+04   -7.59969e+05    6.47218e+03   -6.20137e+05
 Pressure (bar)
   -5.37025e+03

           Step           Time
            468      468.00000

   Energies (kJ/mol)
           Bond          Angle    Proper Dih. Per. Imp. Dih.          LJ-14
    1.24571e+03    4.66450e+03    9.84495e+03    2.27014e+02    3.34171e+03
     Coulomb-14        LJ (SR)   Coulomb (SR)   Coul. recip.      Potential
    4.04644e+04    7.33373e+04   -7.59993e+05    6.46879e+03   -6.20398e+05
 Pressure (bar)
   -5.36587e+03

           Step           Time
            469      469.00000

           Step           Time
            470      470.00000

   Energies (kJ/mol)
           Bond          Angle    Proper Dih. Per. Imp. Dih.          LJ-14
    1.28579e+03    4.66364e+03    9.84351e+03    2.26874e+02    3.34261e+03
     Coulomb-14        LJ (SR)   Coulomb (SR)   Coul. recip.      Potential
    4.04650e+04    7.33537e+04   -7.60080e+05    6.46318e+03   -6.20436e+05
 Pressure (bar)
   -5.36778e+03

           Step           Time
            471      471.00000

   Energies (kJ/mol)
           Bond          Angle    Proper Dih. Per. Imp. Dih.          LJ-14
    1.26241e+03    4.65877e+03    9.84396e+03    2.26879e+02    3.34116e+03
     Coulomb-14        LJ (SR)   Coulomb (SR)   Coul. recip.      Potential
    4.04663e+04    7.33587e+04   -7.60122e+05    6.45886e+03   -6.20505e+05
 Pressure (bar)
   -5.36777e+03

           Step           Time
            472      472.00000

   Energies (kJ/mol)
           Bond          Angle    Proper Dih. Per. Imp. Dih.          LJ-14
    1.33262e+03    4.66107e+03    9.84222e+03    2.26730e+02    3.34259e+03
     Coulomb-14        LJ (SR)   Coulomb (SR)   Coul. recip.      Potential
    4.04666e+04    7.33758e+04   -7.60208e+05    6.45398e+03   -6.20506e+05
 Pressure (bar)
   -5.37079e+03

           Step           Time
            473      473.00000

   Energies (kJ/mol)
           Bond          Angle    Proper Dih. Per. Imp. Dih.          LJ-14
    1.30614e+03    4.65593e+03    9.84307e+03    2.26760e+02    3.34055e+03
     Coulomb-14        LJ (SR)   Coulomb (SR)   Coul. recip.      Potential
    4.04682e+04    7.33796e+04   -7.60248e+05    6.44927e+03   -6.20579e+05
 Pressure (bar)
   -5.37064e+03

           Step           Time
            474      474.00000

           Step           Time
            475      475.00000

   Energies (kJ/mol)
           Bond          Angle    Proper Dih. Per. Imp. Dih.          LJ-14
    1.22801e+03    4.64619e+03    9.84191e+03    2.26666e+02    3.34148e+03
     Coulomb-14        LJ (SR)   Coulomb (SR)   Coul. recip.      Potential
    4.04682e+04    7.33884e+04   -7.60291e+05    6.44678e+03   -6.20704e+05
 Pressure (bar)
   -5.36881e+03

           Step           Time
            476      476.00000

   Energies (kJ/mol)
           Bond          Angle    Proper Dih. Per. Imp. Dih.          LJ-14
    1.34601e+03    4.64863e+03    9.84150e+03    2.26542e+02    3.33986e+03
     Coulomb-14        LJ (SR)   Coulomb (SR)   Coul. recip.      Potential
    4.04707e+04    7.34127e+04   -7.60440e+05    6.43442e+03   -6.20720e+05
 Pressure (bar)
   -5.37405e+03

           Step           Time
            477      477.00000

   Energies (kJ/mol)
           Bond          Angle    Proper Dih. Per. Imp. Dih.          LJ-14
    1.24673e+03    4.63673e+03    9.83995e+03    2.26428e+02    3.34123e+03
     Coulomb-14        LJ (SR)   Coulomb (SR)   Coul. recip.      Potential
    4.04708e+04    7.34238e+04   -7.60493e+05    6.43192e+03   -6.20875e+05
 Pressure (bar)
   -5.37235e+03

           Step           Time
            478      478.00000

           Step           Time
            479      479.00000

   Energies (kJ/mol)
           Bond          Angle    Proper Dih. Per. Imp. Dih.          LJ-14
    1.23305e+03    4.63270e+03    9.84017e+03    2.26401e+02    3.34012e+03
     Coulomb-14        LJ (SR)   Coulomb (SR)   Coul. recip.      Potential
    4.04718e+04    7.34300e+04   -7.60537e+05    6.42755e+03   -6.20935e+05
 Pressure (bar)
   -5.37224e+03

           Step           Time
            480      480.00000

   Energies (kJ/mol)
           Bond          Angle    Proper Dih. Per. Imp. Dih.          LJ-14
    1.27223e+03    4.63215e+03    9.83870e+03    2.26263e+02    3.34113e+03
     Coulomb-14        LJ (SR)   Coulomb (SR)   Coul. recip.      Potential
    4.04723e+04    7.34461e+04   -7.60618e+05    6.42270e+03   -6.20967e+05
 Pressure (bar)
   -5.37463e+03

           Step           Time
            481      481.00000

   Energies (kJ/mol)
           Bond          Angle    Proper Dih. Per. Imp. Dih.          LJ-14
    1.25590e+03    4.62798e+03    9.83922e+03    2.26260e+02    3.33957e+03
     Coulomb-14        LJ (SR)   Coulomb (SR)   Coul. recip.      Potential
    4.04736e+04    7.34515e+04   -7.60662e+05    6.41807e+03   -6.21030e+05
 Pressure (bar)
   -5.37464e+03

           Step           Time
            482      482.00000

           Step           Time
            483      483.00000

   Energies (kJ/mol)
           Bond          Angle    Proper Dih. Per. Imp. Dih.          LJ-14
    1.21146e+03    4.62157e+03    9.83828e+03    2.26178e+02    3.34027e+03
     Coulomb-14        LJ (SR)   Coulomb (SR)   Coul. recip.      Potential
    4.04738e+04    7.34597e+04   -7.60702e+05    6.41570e+03   -6.21115e+05
 Pressure (bar)
   -5.37385e+03

           Step           Time
            484      484.00000

   Energies (kJ/mol)
           Bond          Angle    Proper Dih. Per. Imp. Dih.          LJ-14
    1.27499e+03    4.61912e+03    9.83761e+03    2.26026e+02    3.33893e+03
     Coulomb-14        LJ (SR)   Coulomb (SR)   Coul. recip.      Potential
    4.04761e+04    7.34852e+04   -7.60852e+05    6.40360e+03   -6.21191e+05
 Pressure (bar)
   -5.37753e+03

           Step           Time
            485      485.00000

   Energies (kJ/mol)
           Bond          Angle    Proper Dih. Per. Imp. Dih.          LJ-14
    1.22007e+03    4.61140e+03    9.83637e+03    2.25926e+02    3.33996e+03
     Coulomb-14        LJ (SR)   Coulomb (SR)   Coul. recip.      Potential
    4.04764e+04    7.34955e+04   -7.60902e+05    6.40112e+03   -6.21295e+05
 Pressure (bar)
   -5.37683e+03

           Step           Time
            486      486.00000

           Step           Time
            487      487.00000

   Energies (kJ/mol)
           Bond          Angle    Proper Dih. Per. Imp. Dih.          LJ-14
    1.21023e+03    4.60788e+03    9.83642e+03    2.25890e+02    3.33909e+03
     Coulomb-14        LJ (SR)   Coulomb (SR)   Coul. recip.      Potential
    4.04772e+04    7.35024e+04   -7.60947e+05    6.39695e+03   -6.21351e+05
 Pressure (bar)
   -5.37694e+03

           Step           Time
            488      488.00000

   Energies (kJ/mol)
           Bond          Angle    Proper Dih. Per. Imp. Dih.          LJ-14
    1.23354e+03    4.60584e+03    9.83515e+03    2.25760e+02    3.33981e+03
     Coulomb-14        LJ (SR)   Coulomb (SR)   Coul. recip.      Potential
    4.04779e+04    7.35180e+04   -7.61027e+05    6.39203e+03   -6.21399e+05
 Pressure (bar)
   -5.37871e+03

           Step           Time
            489      489.00000

   Energies (kJ/mol)
           Bond          Angle    Proper Dih. Per. Imp. Dih.          LJ-14
    1.22086e+03    4.60213e+03    9.83543e+03    2.25741e+02    3.33861e+03
     Coulomb-14        LJ (SR)   Coulomb (SR)   Coul. recip.      Potential
    4.04790e+04    7.35245e+04   -7.61071e+05    6.38771e+03   -6.21458e+05
 Pressure (bar)
   -5.37884e+03

           Step           Time
            490      490.00000

   Energies (kJ/mol)
           Bond          Angle    Proper Dih. Per. Imp. Dih.          LJ-14
    1.26383e+03    4.60203e+03    9.83392e+03    2.25600e+02    3.33974e+03
     Coulomb-14        LJ (SR)   Coulomb (SR)   Coul. recip.      Potential
    4.04795e+04    7.35406e+04   -7.61151e+05    6.38329e+03   -6.21482e+05
 Pressure (bar)
   -5.38108e+03

           Step           Time
            491      491.00000

   Energies (kJ/mol)
           Bond          Angle    Proper Dih. Per. Imp. Dih.          LJ-14
    1.24968e+03    4.59832e+03    9.83451e+03    2.25604e+02    3.33807e+03
     Coulomb-14        LJ (SR)   Coulomb (SR)   Coul. recip.      Potential
    4.04807e+04    7.35461e+04   -7.61193e+05    6.37863e+03   -6.21542e+05
 Pressure (bar)
   -5.38116e+03

           Step           Time
            492      492.00000

           Step           Time
            493      493.00000

   Energies (kJ/mol)
           Bond          Angle    Proper Dih. Per. Imp. Dih.          LJ-14
    1.19450e+03    4.59087e+03    9.83353e+03    2.25517e+02    3.33883e+03
     Coulomb-14        LJ (SR)   Coulomb (SR)   Coul. recip.      Potential
    4.04809e+04    7.35544e+04   -7.61234e+05    6.37643e+03   -6.21639e+05
 Pressure (bar)
   -5.37999e+03

           Step           Time
            494      494.00000

   Energies (kJ/mol)
           Bond          Angle    Proper Dih. Per. Imp. Dih.          LJ-14
    1.27397e+03    4.58973e+03    9.83283e+03    2.25357e+02    3.33741e+03
     Coulomb-14        LJ (SR)   Coulomb (SR)   Coul. recip.      Potential
    4.04832e+04    7.35825e+04   -7.61392e+05    6.36378e+03   -6.21704e+05
 Pressure (bar)
   -5.38404e+03

           Step           Time
            495      495.00000

   Energies (kJ/mol)
           Bond          Angle    Proper Dih. Per. Imp. Dih.          LJ-14
    1.20503e+03    4.58066e+03    9.83152e+03    2.25253e+02    3.33854e+03
     Coulomb-14        LJ (SR)   Coulomb (SR)   Coul. recip.      Potential
    4.04836e+04    7.35929e+04   -7.61442e+05    6.36159e+03   -6.21823e+05
 Pressure (bar)
   -5.38299e+03

           Step           Time
            496      496.00000

           Step           Time
            497      497.00000

   Energies (kJ/mol)
           Bond          Angle    Proper Dih. Per. Imp. Dih.          LJ-14
    1.19630e+03    4.57733e+03    9.83161e+03    2.25215e+02    3.33761e+03
     Coulomb-14        LJ (SR)   Coulomb (SR)   Coul. recip.      Potential
    4.04844e+04    7.36002e+04   -7.61487e+05    6.35737e+03   -6.21877e+05
 Pressure (bar)
   -5.38302e+03

           Step           Time
            498      498.00000

   Energies (kJ/mol)
           Bond          Angle    Proper Dih. Per. Imp. Dih.          LJ-14
    1.22127e+03    4.57564e+03    9.83032e+03    2.25087e+02    3.33842e+03
     Coulomb-14        LJ (SR)   Coulomb (SR)   Coul. recip.      Potential
    4.04852e+04    7.36157e+04   -7.61564e+05    6.35297e+03   -6.21920e+05
 Pressure (bar)
   -5.38478e+03

           Step           Time
            499      499.00000

   Energies (kJ/mol)
           Bond          Angle    Proper Dih. Per. Imp. Dih.          LJ-14
    1.21058e+03    4.57226e+03    9.83064e+03    2.25068e+02    3.33713e+03
     Coulomb-14        LJ (SR)   Coulomb (SR)   Coul. recip.      Potential
    4.04861e+04    7.36225e+04   -7.61608e+05    6.34852e+03   -6.21976e+05
 Pressure (bar)
   -5.38488e+03

           Step           Time
            500      500.00000

   Energies (kJ/mol)
           Bond          Angle    Proper Dih. Per. Imp. Dih.          LJ-14
    1.25709e+03    4.57259e+03    9.82910e+03    2.24924e+02    3.33840e+03
     Coulomb-14        LJ (SR)   Coulomb (SR)   Coul. recip.      Potential
    4.04867e+04    7.36387e+04   -7.61686e+05    6.34462e+03   -6.21994e+05
 Pressure (bar)
   -5.38716e+03

           Step           Time
            501      501.00000

   Energies (kJ/mol)
           Bond          Angle    Proper Dih. Per. Imp. Dih.          LJ-14
    1.24671e+03    4.56947e+03    9.82976e+03    2.24933e+02    3.33659e+03
     Coulomb-14        LJ (SR)   Coulomb (SR)   Coul. recip.      Potential
    4.04878e+04    7.36444e+04   -7.61728e+05    6.33991e+03   -6.22048e+05
 Pressure (bar)
   -5.38726e+03

           Step           Time
            502      502.00000

           Step           Time
            503      503.00000

   Energies (kJ/mol)
           Bond          Angle    Proper Dih. Per. Imp. Dih.          LJ-14
    1.17797e+03    4.56070e+03    9.82874e+03    2.24845e+02    3.33742e+03
     Coulomb-14        LJ (SR)   Coulomb (SR)   Coul. recip.      Potential
    4.04881e+04    7.36528e+04   -7.61768e+05    6.33791e+03   -6.22159e+05
 Pressure (bar)
   -5.38565e+03

           Step           Time
            504      504.00000

   Energies (kJ/mol)
           Bond          Angle    Proper Dih. Per. Imp. Dih.          LJ-14
    1.27734e+03    4.56111e+03    9.82798e+03    2.24666e+02    3.33593e+03
     Coulomb-14        LJ (SR)   Coulomb (SR)   Coul. recip.      Potential
    4.04904e+04    7.36840e+04   -7.61937e+05    6.32462e+03   -6.22211e+05
 Pressure (bar)
   -5.39017e+03

           Step           Time
            505      505.00000

   Energies (kJ/mol)
           Bond          Angle    Proper Dih. Per. Imp. Dih.          LJ-14
    1.19062e+03    4.55032e+03    9.82662e+03    2.24557e+02    3.33715e+03
     Coulomb-14        LJ (SR)   Coulomb (SR)   Coul. recip.      Potential
    4.04909e+04    7.36945e+04   -7.61987e+05    6.32275e+03   -6.22349e+05
 Pressure (bar)
   -5.38871e+03

           Step           Time
            506      506.00000

           Step           Time
            507      507.00000

   Energies (kJ/mol)
           Bond          Angle    Proper Dih. Per. Imp. Dih.          LJ-14
    1.18378e+03    4.54727e+03    9.82673e+03    2.24518e+02    3.33616e+03
     Coulomb-14        LJ (SR)   Coulomb (SR)   Coul. recip.      Potential
    4.04917e+04    7.37022e+04   -7.62032e+05    6.31847e+03   -6.22402e+05
 Pressure (bar)
   -5.38869e+03

           Step           Time
            508      508.00000

   Energies (kJ/mol)
           Bond          Angle    Proper Dih. Per. Imp. Dih.          LJ-14
    1.20999e+03    4.54585e+03    9.82542e+03    2.24386e+02    3.33706e+03
     Coulomb-14        LJ (SR)   Coulomb (SR)   Coul. recip.      Potential
    4.04924e+04    7.37176e+04   -7.62106e+05    6.31457e+03   -6.22439e+05
 Pressure (bar)
   -5.39042e+03

           Step           Time
            509      509.00000

   Energies (kJ/mol)
           Bond          Angle    Proper Dih. Per. Imp. Dih.          LJ-14
    1.20250e+03    4.54296e+03    9.82579e+03    2.24371e+02    3.33569e+03
     Coulomb-14        LJ (SR)   Coulomb (SR)   Coul. recip.      Potential
    4.04933e+04    7.37245e+04   -7.62150e+05    6.31004e+03   -6.22491e+05
 Pressure (bar)
   -5.39052e+03

           Step           Time
            510      510.00000

   Energies (kJ/mol)
           Bond          Angle    Proper Dih. Per. Imp. Dih.          LJ-14
    1.25221e+03    4.54365e+03    9.82420e+03    2.24225e+02    3.33708e+03
     Coulomb-14        LJ (SR)   Coulomb (SR)   Coul. recip.      Potential
    4.04940e+04    7.37408e+04   -7.62226e+05    6.30670e+03   -6.22503e+05
 Pressure (bar)
   -5.39286e+03

           Step           Time
            511      511.00000

   Energies (kJ/mol)
           Bond          Angle    Proper Dih. Per. Imp. Dih.          LJ-14
    1.24760e+03    4.54135e+03    9.82494e+03    2.24241e+02    3.33514e+03
     Coulomb-14        LJ (SR)   Coulomb (SR)   Coul. recip.      Potential
    4.04949e+04    7.37466e+04   -7.62267e+05    6.30185e+03   -6.22550e+05
 Pressure (bar)
   -5.39306e+03

           Step           Time
            512      512.00000

           Step           Time
            513      513.00000

   Energies (kJ/mol)
           Bond          Angle    Proper Dih. Per. Imp. Dih.          LJ-14
    1.16177e+03    4.53090e+03    9.82388e+03    2.24147e+02    3.33605e+03
     Coulomb-14        LJ (SR)   Coulomb (SR)   Coul. recip.      Potential
    4.04953e+04    7.37549e+04   -7.62306e+05    6.30013e+03   -6.22679e+05
 Pressure (bar)
   -5.39094e+03

           Step           Time
            514      514.00000

   Energies (kJ/mol)
           Bond          Angle    Proper Dih. Per. Imp. Dih.          LJ-14
    1.28600e+03    4.53315e+03    9.82303e+03    2.23944e+02    3.33447e+03
     Coulomb-14        LJ (SR)   Coulomb (SR)   Coul. recip.      Potential
    4.04976e+04    7.37898e+04   -7.62489e+05    6.28602e+03   -6.22715e+05
 Pressure (bar)
   -5.39608e+03

           Step           Time
            515      515.00000

   Energies (kJ/mol)
           Bond          Angle    Proper Dih. Per. Imp. Dih.          LJ-14
    1.17675e+03    4.52023e+03    9.82160e+03    2.23833e+02    3.33579e+03
     Coulomb-14        LJ (SR)   Coulomb (SR)   Coul. recip.      Potential
    4.04983e+04    7.38003e+04   -7.62538e+05    6.28446e+03   -6.22877e+05
 Pressure (bar)
   -5.39412e+03

           Step           Time
            516      516.00000

           Step           Time
            517      517.00000

   Energies (kJ/mol)
           Bond          Angle    Proper Dih. Per. Imp. Dih.          LJ-14
    1.17281e+03    4.51756e+03    9.82175e+03    2.23794e+02    3.33474e+03
     Coulomb-14        LJ (SR)   Coulomb (SR)   Coul. recip.      Potential
    4.04990e+04    7.38083e+04   -7.62584e+05    6.28010e+03   -6.22926e+05
 Pressure (bar)
   -5.39408e+03

           Step           Time
            518      518.00000

   Energies (kJ/mol)
           Bond          Angle    Proper Dih. Per. Imp. Dih.          LJ-14
    1.19968e+03    4.51634e+03    9.82041e+03    2.23663e+02    3.33574e+03
     Coulomb-14        LJ (SR)   Coulomb (SR)   Coul. recip.      Potential
    4.04998e+04    7.38234e+04   -7.62656e+05    6.27672e+03   -6.22960e+05
 Pressure (bar)
   -5.39582e+03

           Step           Time
            519      519.00000

   Energies (kJ/mol)
           Bond          Angle    Proper Dih. Per. Imp. Dih.          LJ-14
    1.19697e+03    4.51408e+03    9.82084e+03    2.23648e+02    3.33427e+03
     Coulomb-14        LJ (SR)   Coulomb (SR)   Coul. recip.      Potential
    4.05005e+04    7.38304e+04   -7.62699e+05    6.27216e+03   -6.23006e+05
 Pressure (bar)
   -5.39599e+03

           Step           Time
            520      520.00000

   Energies (kJ/mol)
           Bond          Angle    Proper Dih. Per. Imp. Dih.          LJ-14
    1.24934e+03    4.51504e+03    9.81919e+03    2.23498e+02    3.33581e+03
     Coulomb-14        LJ (SR)   Coulomb (SR)   Coul. recip.      Potential
    4.05013e+04    7.38466e+04   -7.62773e+05    6.26931e+03   -6.23013e+05
 Pressure (bar)
   -5.39839e+03

           Step           Time
            521      521.00000

   Energies (kJ/mol)
           Bond          Angle    Proper Dih. Per. Imp. Dih.          LJ-14
    1.25303e+03    4.51383e+03    9.82002e+03    2.23520e+02    3.33372e+03
     Coulomb-14        LJ (SR)   Coulomb (SR)   Coul. recip.      Potential
    4.05021e+04    7.38523e+04   -7.62812e+05    6.26435e+03   -6.23050e+05
 Pressure (bar)
   -5.39874e+03

           Step           Time
            522      522.00000

           Step           Time
            523      523.00000

   Energies (kJ/mol)
           Bond          Angle    Proper Dih. Per. Imp. Dih.          LJ-14
    1.14580e+03    4.50126e+03    9.81890e+03    2.23421e+02    3.33471e+03
     Coulomb-14        LJ (SR)   Coulomb (SR)   Coul. recip.      Potential
    4.05025e+04    7.38606e+04   -7.62852e+05    6.26283e+03   -6.23202e+05
 Pressure (bar)
   -5.39600e+03

           Step           Time
            524      524.00000

   Energies (kJ/mol)
           Bond          Angle    Proper Dih. Per. Imp. Dih.          LJ-14
    1.30079e+03    4.50579e+03    9.81795e+03    2.23188e+02    3.33303e+03
     Coulomb-14        LJ (SR)   Coulomb (SR)   Coul. recip.      Potential
    4.05049e+04    7.38994e+04   -7.63051e+05    6.24766e+03   -6.23218e+05
 Pressure (bar)
   -5.40202e+03

           Step           Time
            525      525.00000

   Energies (kJ/mol)
           Bond          Angle    Proper Dih. Per. Imp. Dih.          LJ-14
    1.16336e+03    4.49018e+03    9.81645e+03    2.23073e+02    3.33445e+03
     Coulomb-14        LJ (SR)   Coulomb (SR)   Coul. recip.      Potential
    4.05058e+04    7.39099e+04   -7.63100e+05    6.24643e+03   -6.23410e+05
 Pressure (bar)
   -5.39943e+03

           Step           Time
            526      526.00000

           Step           Time
            527      527.00000

   Energies (kJ/mol)
           Bond          Angle    Proper Dih. Per. Imp. Dih.          LJ-14
    1.16356e+03    4.48802e+03    9.81663e+03    2.23035e+02    3.33333e+03
     Coulomb-14        LJ (SR)   Coulomb (SR)   Coul. recip.      Potential
    4.05064e+04    7.39181e+04   -7.63146e+05    6.24199e+03   -6.23455e+05
 Pressure (bar)
   -5.39941e+03

           Step           Time
            528      528.00000

   Energies (kJ/mol)
           Bond          Angle    Proper Dih. Per. Imp. Dih.          LJ-14
    1.19037e+03    4.48687e+03    9.81526e+03    2.22900e+02    3.33445e+03
     Coulomb-14        LJ (SR)   Coulomb (SR)   Coul. recip.      Potential
    4.05073e+04    7.39328e+04   -7.63215e+05    6.23910e+03   -6.23486e+05
 Pressure (bar)
   -5.40115e+03

           Step           Time
            529      529.00000

   Energies (kJ/mol)
           Bond          Angle    Proper Dih. Per. Imp. Dih.          LJ-14
    1.19438e+03    4.48546e+03    9.81575e+03    2.22893e+02    3.33286e+03
     Coulomb-14        LJ (SR)   Coulomb (SR)   Coul. recip.      Potential
    4.05079e+04    7.39400e+04   -7.63258e+05    6.23439e+03   -6.23525e+05
 Pressure (bar)
   -5.40143e+03

           Step           Time
            530      530.00000

   Energies (kJ/mol)
           Bond          Angle    Proper Dih. Per. Imp. Dih.          LJ-14
    1.24868e+03    4.48661e+03    9.81404e+03    2.22736e+02    3.33457e+03
     Coulomb-14        LJ (SR)   Coulomb (SR)   Coul. recip.      Potential
    4.05088e+04    7.39560e+04   -7.63331e+05    6.23202e+03   -6.23527e+05
 Pressure (bar)
   -5.40388e+03

           Step           Time
            531      531.00000

   Energies (kJ/mol)
           Bond          Angle    Proper Dih. Per. Imp. Dih.          LJ-14
    1.26383e+03    4.48683e+03    9.81497e+03    2.22770e+02    3.33232e+03
     Coulomb-14        LJ (SR)   Coulomb (SR)   Coul. recip.      Potential
    4.05094e+04    7.39616e+04   -7.63369e+05    6.22689e+03   -6.23550e+05
 Pressure (bar)
   -5.40450e+03

           Step           Time
            532      532.00000

           Step           Time
            533      533.00000

   Energies (kJ/mol)
           Bond          Angle    Proper Dih. Per. Imp. Dih.          LJ-14
    1.12997e+03    4.47160e+03    9.81379e+03    2.22663e+02    3.33339e+03
     Coulomb-14        LJ (SR)   Coulomb (SR)   Coul. recip.      Potential
    4.05100e+04    7.39698e+04   -7.63408e+05    6.22559e+03   -6.23731e+05
 Pressure (bar)
   -5.40096e+03

           Step           Time
            534      534.00000

           Step           Time
            535      535.00000

   Energies (kJ/mol)
           Bond          Angle    Proper Dih. Per. Imp. Dih.          LJ-14
    1.16039e+03    4.46902e+03    9.81322e+03    2.22521e+02    3.33243e+03
     Coulomb-14        LJ (SR)   Coulomb (SR)   Coul. recip.      Potential
    4.05112e+04    7.39913e+04   -7.63517e+05    6.21707e+03   -6.23800e+05
 Pressure (bar)
   -5.40254e+03

           Step           Time
            536      536.00000

   Energies (kJ/mol)
           Bond          Angle    Proper Dih. Per. Imp. Dih.          LJ-14
    1.13658e+03    4.46422e+03    9.81223e+03    2.22427e+02    3.33322e+03
     Coulomb-14        LJ (SR)   Coulomb (SR)   Coul. recip.      Potential
    4.05120e+04    7.40014e+04   -7.63565e+05    6.21528e+03   -6.23867e+05
 Pressure (bar)
   -5.40296e+03

           Step           Time
            537      537.00000

   Energies (kJ/mol)
           Bond          Angle    Proper Dih. Per. Imp. Dih.          LJ-14
    1.18340e+03    4.46529e+03    9.81222e+03    2.22356e+02    3.33199e+03
     Coulomb-14        LJ (SR)   Coulomb (SR)   Coul. recip.      Potential
    4.05129e+04    7.40155e+04   -7.63639e+05    6.20896e+03   -6.23886e+05
 Pressure (bar)
   -5.40470e+03

           Step           Time
            538      538.00000

   Energies (kJ/mol)
           Bond          Angle    Proper Dih. Per. Imp. Dih.          LJ-14
    1.15907e+03    4.45990e+03    9.81091e+03    2.22240e+02    3.33320e+03
     Coulomb-14        LJ (SR)   Coulomb (SR)   Coul. recip.      Potential
    4.05137e+04    7.40273e+04   -7.63694e+05    6.20719e+03   -6.23960e+05
 Pressure (bar)
   -5.40483e+03

           Step           Time
            539      539.00000

           Step           Time
            540      540.00000

   Energies (kJ/mol)
           Bond          Angle    Proper Dih. Per. Imp. Dih.          LJ-14
    1.12216e+03    4.45517e+03    9.81110e+03    2.22222e+02    3.33229e+03
     Coulomb-14        LJ (SR)   Coulomb (SR)   Coul. recip.      Potential
    4.05141e+04    7.40323e+04   -7.63723e+05    6.20406e+03   -6.24029e+05
 Pressure (bar)
   -5.40383e+03

           Step           Time
            541      541.00000

   Energies (kJ/mol)
           Bond          Angle    Proper Dih. Per. Imp. Dih.          LJ-14
    1.18322e+03    4.45472e+03    9.80944e+03    2.22015e+02    3.33309e+03
     Coulomb-14        LJ (SR)   Coulomb (SR)   Coul. recip.      Potential
    4.05156e+04    7.40571e+04   -7.63841e+05    6.19767e+03   -6.24068e+05
 Pressure (bar)
   -5.40677e+03

           Step           Time
            542      542.00000

   Energies (kJ/mol)
           Bond          Angle    Proper Dih. Per. Imp. Dih.          LJ-14
    1.13011e+03    4.44865e+03    9.80983e+03    2.22014e+02    3.33179e+03
     Coulomb-14        LJ (SR)   Coulomb (SR)   Coul. recip.      Potential
    4.05160e+04    7.40620e+04   -7.63871e+05    6.19408e+03   -6.24157e+05
 Pressure (bar)
   -5.40555e+03

           Step           Time
            543      543.00000

           Step           Time
            544      544.00000

   Energies (kJ/mol)
           Bond          Angle    Proper Dih. Per. Imp. Dih.          LJ-14
    1.12393e+03    4.44534e+03    9.80895e+03    2.21916e+02    3.33239e+03
     Coulomb-14        LJ (SR)   Coulomb (SR)   Coul. recip.      Potential
    4.05167e+04    7.40724e+04   -7.63921e+05    6.19173e+03   -6.24207e+05
 Pressure (bar)
   -5.40577e+03

           Step           Time
            545      545.00000

   Energies (kJ/mol)
           Bond          Angle    Proper Dih. Per. Imp. Dih.          LJ-14
    1.14028e+03    4.44410e+03    9.80886e+03    2.21858e+02    3.33143e+03
     Coulomb-14        LJ (SR)   Coulomb (SR)   Coul. recip.      Potential
    4.05174e+04    7.40845e+04   -7.63984e+05    6.18654e+03   -6.24249e+05
 Pressure (bar)
   -5.40681e+03

           Step           Time
            546      546.00000

   Energies (kJ/mol)
           Bond          Angle    Proper Dih. Per. Imp. Dih.          LJ-14
    1.13792e+03    4.44077e+03    9.80775e+03    2.21745e+02    3.33233e+03
     Coulomb-14        LJ (SR)   Coulomb (SR)   Coul. recip.      Potential
    4.05183e+04    7.40964e+04   -7.64039e+05    6.18427e+03   -6.24300e+05
 Pressure (bar)
   -5.40735e+03

           Step           Time
            547      547.00000

   Energies (kJ/mol)
           Bond          Angle    Proper Dih. Per. Imp. Dih.          LJ-14
    1.16391e+03    4.44111e+03    9.80796e+03    2.21714e+02    3.33102e+03
     Coulomb-14        LJ (SR)   Coulomb (SR)   Coul. recip.      Potential
    4.05188e+04    7.41064e+04   -7.64093e+05    6.17925e+03   -6.24322e+05
 Pressure (bar)
   -5.40845e+03

           Step           Time
            548      548.00000

   Energies (kJ/mol)
           Bond          Angle    Proper Dih. Per. Imp. Dih.          LJ-14
    1.17186e+03    4.43830e+03    9.80654e+03    2.21581e+02    3.33238e+03
     Coulomb-14        LJ (SR)   Coulomb (SR)   Coul. recip.      Potential
    4.05199e+04    7.41199e+04   -7.64154e+05    6.17728e+03   -6.24367e+05
 Pressure (bar)
   -5.40940e+03

           Step           Time
            549      549.00000

           Step           Time
            550      550.00000

   Energies (kJ/mol)
           Bond          Angle    Proper Dih. Per. Imp. Dih.          LJ-14
    1.10671e+03    4.43130e+03    9.80681e+03    2.21574e+02    3.33137e+03
     Coulomb-14        LJ (SR)   Coulomb (SR)   Coul. recip.      Potential
    4.05201e+04    7.41236e+04   -7.64177e+05    6.17439e+03   -6.24461e+05
 Pressure (bar)
   -5.40757e+03

           Step           Time
            551      551.00000

   Energies (kJ/mol)
           Bond          Angle    Proper Dih. Per. Imp. Dih.          LJ-14
    1.20620e+03    4.42978e+03    9.80423e+03    2.21224e+02    3.33213e+03
     Coulomb-14        LJ (SR)   Coulomb (SR)   Coul. recip.      Potential
    4.05229e+04    7.41680e+04   -7.64390e+05    6.16215e+03   -6.24543e+05
 Pressure (bar)
   -5.41228e+03

           Step           Time
            552      552.00000

   Energies (kJ/mol)
           Bond          Angle    Proper Dih. Per. Imp. Dih.          LJ-14
    1.10933e+03    4.42012e+03    9.80472e+03    2.21238e+02    3.33068e+03
     Coulomb-14        LJ (SR)   Coulomb (SR)   Coul. recip.      Potential
    4.05231e+04    7.41716e+04   -7.64413e+05    6.15878e+03   -6.24674e+05
 Pressure (bar)
   -5.40998e+03

           Step           Time
            553      553.00000

           Step           Time
            554      554.00000

   Energies (kJ/mol)
           Bond          Angle    Proper Dih. Per. Imp. Dih.          LJ-14
    1.12273e+03    4.41782e+03    9.80367e+03    2.21114e+02    3.33134e+03
     Coulomb-14        LJ (SR)   Coulomb (SR)   Coul. recip.      Potential
    4.05241e+04    7.41855e+04   -7.64479e+05    6.15556e+03   -6.24717e+05
 Pressure (bar)
   -5.41077e+03

           Step           Time
            555      555.00000

   Energies (kJ/mol)
           Bond          Angle    Proper Dih. Per. Imp. Dih.          LJ-14
    1.11840e+03    4.41579e+03    9.80378e+03    2.21088e+02    3.33033e+03
     Coulomb-14        LJ (SR)   Coulomb (SR)   Coul. recip.      Potential
    4.05245e+04    7.41938e+04   -7.64522e+05    6.15155e+03   -6.24763e+05
 Pressure (bar)
   -5.41107e+03

           Step           Time
            556      556.00000

   Energies (kJ/mol)
           Bond          Angle    Proper Dih. Per. Imp. Dih.          LJ-14
    1.14538e+03    4.41455e+03    9.80253e+03    2.20954e+02    3.33133e+03
     Coulomb-14        LJ (SR)   Coulomb (SR)   Coul. recip.      Potential
    4.05256e+04    7.42084e+04   -7.64590e+05    6.14880e+03   -6.24792e+05
 Pressure (bar)
   -5.41244e+03

           Step           Time
            557      557.00000

   Energies (kJ/mol)
           Bond          Angle    Proper Dih. Per. Imp. Dih.          LJ-14
    1.14159e+03    4.41293e+03    9.80290e+03    2.20946e+02    3.32992e+03
     Coulomb-14        LJ (SR)   Coulomb (SR)   Coul. recip.      Potential
    4.05259e+04    7.42158e+04   -7.64630e+05    6.14443e+03   -6.24836e+05
 Pressure (bar)
   -5.41261e+03

           Step           Time
            558      558.00000

   Energies (kJ/mol)
           Bond          Angle    Proper Dih. Per. Imp. Dih.          LJ-14
    1.19378e+03    4.41374e+03    9.80135e+03    2.20795e+02    3.33144e+03
     Coulomb-14        LJ (SR)   Coulomb (SR)   Coul. recip.      Potential
    4.05272e+04    7.42315e+04   -7.64701e+05    6.14224e+03   -6.24839e+05
 Pressure (bar)
   -5.41481e+03

           Step           Time
            559      559.00000

   Energies (kJ/mol)
           Bond          Angle    Proper Dih. Per. Imp. Dih.          LJ-14
    1.19509e+03    4.41315e+03    9.80209e+03    2.20820e+02    3.32943e+03
     Coulomb-14        LJ (SR)   Coulomb (SR)   Coul. recip.      Potential
    4.05273e+04    7.42376e+04   -7.64737e+05    6.13735e+03   -6.24874e+05
 Pressure (bar)
   -5.41501e+03

           Step           Time
            560      560.00000

           Step           Time
            561      561.00000

   Energies (kJ/mol)
           Bond          Angle    Proper Dih. Per. Imp. Dih.          LJ-14
    1.09408e+03    4.40107e+03    9.80105e+03    2.20721e+02    3.33040e+03
     Coulomb-14        LJ (SR)   Coulomb (SR)   Coul. recip.      Potential
    4.05281e+04    7.42457e+04   -7.64775e+05    6.13626e+03   -6.25017e+05
 Pressure (bar)
   -5.41240e+03

           Step           Time
            562      562.00000

   Energies (kJ/mol)
           Bond          Angle    Proper Dih. Per. Imp. Dih.          LJ-14
    1.24072e+03    4.40667e+03    9.80013e+03    2.20496e+02    3.32885e+03
     Coulomb-14        LJ (SR)   Coulomb (SR)   Coul. recip.      Potential
    4.05298e+04    7.42834e+04   -7.64957e+05    6.12267e+03   -6.25024e+05
 Pressure (bar)
   -5.41770e+03

           Step           Time
            563      563.00000

   Energies (kJ/mol)
           Bond          Angle    Proper Dih. Per. Imp. Dih.          LJ-14
    1.11235e+03    4.39167e+03    9.79874e+03    2.20382e+02    3.33025e+03
     Coulomb-14        LJ (SR)   Coulomb (SR)   Coul. recip.      Potential
    4.05311e+04    7.42936e+04   -7.65004e+05    6.12199e+03   -6.25204e+05
 Pressure (bar)
   -5.41528e+03

           Step           Time
            564      564.00000

           Step           Time
            565      565.00000

   Energies (kJ/mol)
           Bond          Angle    Proper Dih. Per. Imp. Dih.          LJ-14
    1.11103e+03    4.38996e+03    9.79889e+03    2.20343e+02    3.32918e+03
     Coulomb-14        LJ (SR)   Coulomb (SR)   Coul. recip.      Potential
    4.05314e+04    7.43019e+04   -7.65047e+05    6.11773e+03   -6.25246e+05
 Pressure (bar)
   -5.41512e+03

           Step           Time
            566      566.00000

   Energies (kJ/mol)
           Bond          Angle    Proper Dih. Per. Imp. Dih.          LJ-14
    1.13900e+03    4.38892e+03    9.79760e+03    2.20208e+02    3.33028e+03
     Coulomb-14        LJ (SR)   Coulomb (SR)   Coul. recip.      Potential
    4.05326e+04    7.43165e+04   -7.65113e+05    6.11534e+03   -6.25273e+05
 Pressure (bar)
   -5.41678e+03

           Step           Time
            567      567.00000

   Energies (kJ/mol)
           Bond          Angle    Proper Dih. Per. Imp. Dih.          LJ-14
    1.14023e+03    4.38792e+03    9.79803e+03    2.20199e+02    3.32877e+03
     Coulomb-14        LJ (SR)   Coulomb (SR)   Coul. recip.      Potential
    4.05327e+04    7.43239e+04   -7.65153e+05    6.11082e+03   -6.25310e+05
 Pressure (bar)
   -5.41686e+03

           Step           Time
            568      568.00000

           Step           Time
            569      569.00000

   Energies (kJ/mol)
           Bond          Angle    Proper Dih. Per. Imp. Dih.          LJ-14
    1.08191e+03    4.38024e+03    9.79720e+03    2.20118e+02    3.32951e+03
     Coulomb-14        LJ (SR)   Coulomb (SR)   Coul. recip.      Potential
    4.05334e+04    7.43315e+04   -7.65187e+05    6.10964e+03   -6.25404e+05
 Pressure (bar)
   -5.41550e+03

           Step           Time
            570      570.00000

   Energies (kJ/mol)
           Bond          Angle    Proper Dih. Per. Imp. Dih.          LJ-14
    1.16244e+03    4.37931e+03    9.79598e+03    2.19866e+02    3.32821e+03
     Coulomb-14        LJ (SR)   Coulomb (SR)   Coul. recip.      Potential
    4.05354e+04    7.43715e+04   -7.65378e+05    6.09605e+03   -6.25489e+05
 Pressure (bar)
   -5.41910e+03

           Step           Time
            571      571.00000

   Energies (kJ/mol)
           Bond          Angle    Proper Dih. Per. Imp. Dih.          LJ-14
    1.08994e+03    4.36984e+03    9.79487e+03    2.19765e+02    3.32928e+03
     Coulomb-14        LJ (SR)   Coulomb (SR)   Coul. recip.      Potential
    4.05365e+04    7.43809e+04   -7.65421e+05    6.09509e+03   -6.25605e+05
 Pressure (bar)
   -5.41786e+03

           Step           Time
            572      572.00000

           Step           Time
            573      573.00000

   Energies (kJ/mol)
           Bond          Angle    Proper Dih. Per. Imp. Dih.          LJ-14
    1.08855e+03    4.36800e+03    9.79486e+03    2.19718e+02    3.32846e+03
     Coulomb-14        LJ (SR)   Coulomb (SR)   Coul. recip.      Potential
    4.05369e+04    7.43899e+04   -7.65466e+05    6.09113e+03   -6.25649e+05
 Pressure (bar)
   -5.41787e+03

           Step           Time
            574      574.00000

   Energies (kJ/mol)
           Bond          Angle    Proper Dih. Per. Imp. Dih.          LJ-14
    1.10242e+03    4.36595e+03    9.79379e+03    2.19600e+02    3.32924e+03
     Coulomb-14        LJ (SR)   Coulomb (SR)   Coul. recip.      Potential
    4.05380e+04    7.44035e+04   -7.65528e+05    6.08860e+03   -6.25687e+05
 Pressure (bar)
   -5.41893e+03

           Step           Time
            575      575.00000

   Energies (kJ/mol)
           Bond          Angle    Proper Dih. Per. Imp. Dih.          LJ-14
    1.10579e+03    4.36487e+03    9.79397e+03    2.19572e+02    3.32808e+03
     Coulomb-14        LJ (SR)   Coulomb (SR)   Coul. recip.      Potential
    4.05382e+04    7.44121e+04   -7.65571e+05    6.08426e+03   -6.25725e+05
 Pressure (bar)
   -5.41917e+03

           Step           Time
            576      576.00000

   Energies (kJ/mol)
           Bond          Angle    Proper Dih. Per. Imp. Dih.          LJ-14
    1.12943e+03    4.36345e+03    9.79268e+03    2.19440e+02    3.32928e+03
     Coulomb-14        LJ (SR)   Coulomb (SR)   Coul. recip.      Potential
    4.05394e+04    7.44262e+04   -7.65635e+05    6.08229e+03   -6.25753e+05
 Pressure (bar)
   -5.42048e+03

           Step           Time
            577      577.00000

   Energies (kJ/mol)
           Bond          Angle    Proper Dih. Per. Imp. Dih.          LJ-14
    1.14583e+03    4.36408e+03    9.79315e+03    2.19440e+02    3.32765e+03
     Coulomb-14        LJ (SR)   Coulomb (SR)   Coul. recip.      Potential
    4.05394e+04    7.44341e+04   -7.65676e+05    6.07748e+03   -6.25774e+05
 Pressure (bar)
   -5.42107e+03

           Step           Time
            578      578.00000

   Energies (kJ/mol)
           Bond          Angle    Proper Dih. Per. Imp. Dih.          LJ-14
    1.18606e+03    4.36377e+03    9.79152e+03    2.19284e+02    3.32942e+03
     Coulomb-14        LJ (SR)   Coulomb (SR)   Coul. recip.      Potential
    4.05410e+04    7.44491e+04   -7.65742e+05    6.07619e+03   -6.25786e+05
 Pressure (bar)
   -5.42292e+03

           Step           Time
            579      579.00000

           Step           Time
            580      580.00000

   Energies (kJ/mol)
           Bond          Angle    Proper Dih. Per. Imp. Dih.          LJ-14
    1.06660e+03    4.35218e+03    9.79192e+03    2.19295e+02    3.32814e+03
     Coulomb-14        LJ (SR)   Coulomb (SR)   Coul. recip.      Potential
    4.05409e+04    7.44520e+04   -7.65760e+05    6.07307e+03   -6.25936e+05
 Pressure (bar)
   -5.41938e+03

           Step           Time
            581      581.00000

   Energies (kJ/mol)
           Bond          Angle    Proper Dih. Per. Imp. Dih.          LJ-14
    1.22367e+03    4.35267e+03    9.78856e+03    2.18799e+02    3.32907e+03
     Coulomb-14        LJ (SR)   Coulomb (SR)   Coul. recip.      Potential
    4.05446e+04    7.45145e+04   -7.66044e+05    6.05704e+03   -6.26015e+05
 Pressure (bar)
   -5.42565e+03

           Step           Time
            582      582.00000

   Energies (kJ/mol)
           Bond          Angle    Proper Dih. Per. Imp. Dih.          LJ-14
    1.07629e+03    4.33915e+03    9.78921e+03    2.18841e+02    3.32727e+03
     Coulomb-14        LJ (SR)   Coulomb (SR)   Coul. recip.      Potential
    4.05446e+04    7.45176e+04   -7.66064e+05    6.05340e+03   -6.26198e+05
 Pressure (bar)
   -5.42240e+03

           Step           Time
            583      583.00000

           Step           Time
            584      584.00000

   Energies (kJ/mol)
           Bond          Angle    Proper Dih. Per. Imp. Dih.          LJ-14
    1.09174e+03    4.33716e+03    9.78813e+03    2.18712e+02    3.32812e+03
     Coulomb-14        LJ (SR)   Coulomb (SR)   Coul. recip.      Potential
    4.05458e+04    7.45311e+04   -7.66126e+05    6.05099e+03   -6.26234e+05
 Pressure (bar)
   -5.42296e+03

           Step           Time
            585      585.00000

   Energies (kJ/mol)
           Bond          Angle    Proper Dih. Per. Imp. Dih.          LJ-14
    1.09650e+03    4.33652e+03    9.78835e+03    2.18698e+02    3.32691e+03
     Coulomb-14        LJ (SR)   Coulomb (SR)   Coul. recip.      Potential
    4.05459e+04    7.45397e+04   -7.66168e+05    6.04676e+03   -6.26268e+05
 Pressure (bar)
   -5.42338e+03

           Step           Time
            586      586.00000

   Energies (kJ/mol)
           Bond          Angle    Proper Dih. Per. Imp. Dih.          LJ-14
    1.12140e+03    4.33511e+03    9.78704e+03    2.18559e+02    3.32817e+03
     Coulomb-14        LJ (SR)   Coulomb (SR)   Coul. recip.      Potential
    4.05473e+04    7.45538e+04   -7.66230e+05    6.04496e+03   -6.26294e+05
 Pressure (bar)
   -5.42454e+03

           Step           Time
            587      587.00000

   Energies (kJ/mol)
           Bond          Angle    Proper Dih. Per. Imp. Dih.          LJ-14
    1.14175e+03    4.33643e+03    9.78755e+03    2.18569e+02    3.32649e+03
     Coulomb-14        LJ (SR)   Coulomb (SR)   Coul. recip.      Potential
    4.05471e+04    7.45617e+04   -7.66270e+05    6.04018e+03   -6.26310e+05
 Pressure (bar)
   -5.42525e+03

           Step           Time
            588      588.00000

   Energies (kJ/mol)
           Bond          Angle    Proper Dih. Per. Imp. Dih.          LJ-14
    1.18466e+03    4.33623e+03    9.78590e+03    2.18410e+02    3.32836e+03
     Coulomb-14        LJ (SR)   Coulomb (SR)   Coul. recip.      Potential
    4.05488e+04    7.45768e+04   -7.66336e+05    6.03915e+03   -6.26318e+05
 Pressure (bar)
   -5.42710e+03

           Step           Time
            589      589.00000

           Step           Time
            590      590.00000

   Energies (kJ/mol)
           Bond          Angle    Proper Dih. Per. Imp. Dih.          LJ-14
    1.05299e+03    4.32366e+03    9.78632e+03    2.18424e+02    3.32701e+03
     Coulomb-14        LJ (SR)   Coulomb (SR)   Coul. recip.      Potential
    4.05486e+04    7.45796e+04   -7.66353e+05    6.03594e+03   -6.26480e+05
 Pressure (bar)
   -5.42316e+03

           Step           Time
            591      591.00000

   Energies (kJ/mol)
           Bond          Angle    Proper Dih. Per. Imp. Dih.          LJ-14
    1.22875e+03    4.32658e+03    9.78304e+03    2.17943e+02    3.32808e+03
     Coulomb-14        LJ (SR)   Coulomb (SR)   Coul. recip.      Potential
    4.05523e+04    7.46407e+04   -7.66626e+05    6.02097e+03   -6.26527e+05
 Pressure (bar)
   -5.42969e+03

           Step           Time
            592      592.00000

   Energies (kJ/mol)
           Bond          Angle    Proper Dih. Per. Imp. Dih.          LJ-14
    1.06519e+03    4.31177e+03    9.78372e+03    2.17989e+02    3.32618e+03
     Coulomb-14        LJ (SR)   Coulomb (SR)   Coul. recip.      Potential
    4.05521e+04    7.46437e+04   -7.66645e+05    6.01733e+03   -6.26727e+05
 Pressure (bar)
   -5.42601e+03

           Step           Time
            593      593.00000

           Step           Time
            594      594.00000

   Energies (kJ/mol)
           Bond          Angle    Proper Dih. Per. Imp. Dih.          LJ-14
    1.08236e+03    4.30989e+03    9.78263e+03    2.17858e+02    3.32709e+03
     Coulomb-14        LJ (SR)   Coulomb (SR)   Coul. recip.      Potential
    4.05533e+04    7.46573e+04   -7.66705e+05    6.01507e+03   -6.26760e+05
 Pressure (bar)
   -5.42654e+03

           Step           Time
            595      595.00000

   Energies (kJ/mol)
           Bond          Angle    Proper Dih. Per. Imp. Dih.          LJ-14
    1.08812e+03    4.30956e+03    9.78288e+03    2.17848e+02    3.32583e+03
     Coulomb-14        LJ (SR)   Coulomb (SR)   Coul. recip.      Potential
    4.05533e+04    7.46659e+04   -7.66746e+05    6.01086e+03   -6.26792e+05
 Pressure (bar)
   -5.42697e+03

           Step           Time
            596      596.00000

   Energies (kJ/mol)
           Bond          Angle    Proper Dih. Per. Imp. Dih.          LJ-14
    1.11594e+03    4.30835e+03    9.78154e+03    2.17705e+02    3.32716e+03
     Coulomb-14        LJ (SR)   Coulomb (SR)   Coul. recip.      Potential
    4.05548e+04    7.46801e+04   -7.66809e+05    6.00921e+03   -6.26814e+05
 Pressure (bar)
   -5.42816e+03

           Step           Time
            597      597.00000

   Energies (kJ/mol)
           Bond          Angle    Proper Dih. Per. Imp. Dih.          LJ-14
    1.13888e+03    4.31021e+03    9.78210e+03    2.17721e+02    3.32541e+03
     Coulomb-14        LJ (SR)   Coulomb (SR)   Coul. recip.      Potential
    4.05544e+04    7.46878e+04   -7.66846e+05    6.00445e+03   -6.26825e+05
 Pressure (bar)
   -5.42888e+03

           Step           Time
            598      598.00000

   Energies (kJ/mol)
           Bond          Angle    Proper Dih. Per. Imp. Dih.          LJ-14
    1.18711e+03    4.31037e+03    9.78040e+03    2.17555e+02    3.32738e+03
     Coulomb-14        LJ (SR)   Coulomb (SR)   Coul. recip.      Potential
    4.05564e+04    7.47032e+04   -7.66913e+05    6.00366e+03   -6.26827e+05
 Pressure (bar)
   -5.43087e+03

           Step           Time
            599      599.00000

           Step           Time
            600      600.00000

   Energies (kJ/mol)
           Bond          Angle    Proper Dih. Per. Imp. Dih.          LJ-14
    1.04019e+03    4.29652e+03    9.78086e+03    2.17573e+02    3.32597e+03
     Coulomb-14        LJ (SR)   Coulomb (SR)   Coul. recip.      Potential
    4.05560e+04    7.47058e+04   -7.66928e+05    6.00039e+03   -6.27005e+05
 Pressure (bar)
   -5.42645e+03

           Step           Time
            601      601.00000

   Energies (kJ/mol)
           Bond          Angle    Proper Dih. Per. Imp. Dih.          LJ-14
    1.23810e+03    4.30155e+03    9.77754e+03    2.17091e+02    3.32715e+03
     Coulomb-14        LJ (SR)   Coulomb (SR)   Coul. recip.      Potential
    4.05598e+04    7.47680e+04   -7.67201e+05    5.98579e+03   -6.27026e+05
 Pressure (bar)
   -5.43341e+03

           Step           Time
            602      602.00000

   Energies (kJ/mol)
           Bond          Angle    Proper Dih. Per. Imp. Dih.          LJ-14
    1.05467e+03    4.28519e+03    9.77827e+03    2.17145e+02    3.32515e+03
     Coulomb-14        LJ (SR)   Coulomb (SR)   Coul. recip.      Potential
    4.05594e+04    7.47708e+04   -7.67218e+05    5.98205e+03   -6.27246e+05
 Pressure (bar)
   -5.42924e+03

           Step           Time
            603      603.00000

           Step           Time
            604      604.00000

   Energies (kJ/mol)
           Bond          Angle    Proper Dih. Per. Imp. Dih.          LJ-14
    1.07461e+03    4.28351e+03    9.77717e+03    2.17009e+02    3.32611e+03
     Coulomb-14        LJ (SR)   Coulomb (SR)   Coul. recip.      Potential
    4.05608e+04    7.47845e+04   -7.67279e+05    5.97997e+03   -6.27275e+05
 Pressure (bar)
   -5.42979e+03

           Step           Time
            605      605.00000

   Energies (kJ/mol)
           Bond          Angle    Proper Dih. Per. Imp. Dih.          LJ-14
    1.08043e+03    4.28343e+03    9.77745e+03    2.17004e+02    3.32481e+03
     Coulomb-14        LJ (SR)   Coulomb (SR)   Coul. recip.      Potential
    4.05606e+04    7.47929e+04   -7.67318e+05    5.97575e+03   -6.27306e+05
 Pressure (bar)
   -5.43017e+03

           Step           Time
            606      606.00000

   Energies (kJ/mol)
           Bond          Angle    Proper Dih. Per. Imp. Dih.          LJ-14
    1.11276e+03    4.28254e+03    9.77609e+03    2.16857e+02    3.32622e+03
     Coulomb-14        LJ (SR)   Coulomb (SR)   Coul. recip.      Potential
    4.05623e+04    7.48074e+04   -7.67381e+05    5.97434e+03   -6.27322e+05
 Pressure (bar)
   -5.43145e+03

           Step           Time
            607      607.00000

   Energies (kJ/mol)
           Bond          Angle    Proper Dih. Per. Imp. Dih.          LJ-14
    1.13714e+03    4.28485e+03    9.77669e+03    2.16883e+02    3.32439e+03
     Coulomb-14        LJ (SR)   Coulomb (SR)   Coul. recip.      Potential
    4.05616e+04    7.48150e+04   -7.67416e+05    5.96957e+03   -6.27330e+05
 Pressure (bar)
   -5.43219e+03

           Step           Time
            608      608.00000

           Step           Time
            609      609.00000

   Energies (kJ/mol)
           Bond          Angle    Proper Dih. Per. Imp. Dih.          LJ-14
    1.02913e+03    4.27218e+03    9.77579e+03    2.16789e+02    3.32529e+03
     Coulomb-14        LJ (SR)   Coulomb (SR)   Coul. recip.      Potential
    4.05628e+04    7.48223e+04   -7.67450e+05    5.96885e+03   -6.27476e+05
 Pressure (bar)
   -5.42926e+03


Steepest Descents converged to Fmax < 1000 in 610 steps
Potential Energy  = -6.2747650e+05
Maximum force     =  9.3302045e+02 on atom 10
Norm of force     =  2.9225993e+01

    D O M A I N   D E C O M P O S I T I O N   S T A T I S T I C S

 av. #atoms communicated per step for force:  2 x 0.0

Finished mdrun on rank 0 Tue Aug  4 22:49:03 2026

